,,,,,,,,,,,,,Asignatura,Nombre Asig.,Créditos Asignatura,Asig. Referenciadas,Sección,Descrip. Evento,Horario,Profesor,Sede,Cat. Paquete,Paquete,Vac. Paquete
,,,,,,,,,,,,,CFG2014,PROBLEMÁTICAS CONTEMPORÁNEAS DE LA SEXUA,5,,Sección 1,B-LEARNING FG01,MI 17:25 - 20:10,LOPEZ ANA PAOLA,S-SANTIAGO,Vacantes FG,CFG2014_FG01,55
,,,,,,,,,,,,,CFG2014,PROBLEMÁTICAS CONTEMPORÁNEAS DE LA SEXUA,5,,Sección 1,B-LEARNING FG01,MI 17:25 - 20:10,MEDALLA TANIA,S-SANTIAGO,Vacantes FG,CFG2014_FG01,
,,,,,,,,,,,,,,,,,,,,,,,,
,,,,,,,,,,,,,,,,,,,,,,,,
,,,,,,,,,,,,,,,,,,,,,,,,
,,,,,,,,,,,,,CFG2017,HISTORIA DE LA CIENCIA: INFLEXIONES E IM,5,,Sección 1,CÁTEDRA DE FG01,MA JU 18:50 - 20:10,ZAMBRA MARCELO CRISTIAN,S-SANTIAGO,Vacantes FG,CFG2017_FG01,55
,,,,,,,,,,,,,,,,,,,,,,,,
,,,,,,,,,,,,,,,,,,,,,,,,
,,,,,,,,,,,,,,,,,,,,,,,,
,,,,,,,,,,,,,CFG2027,LA CIUDAD CÓMO ESPACIO INCLUSIVO,5,,Sección 1,CÁTEDRA DE FG01,LU 16:00 - 18:45,FIGUEROA DANTE OMAR,S-SANTIAGO,Vacantes FG,CFG2027_FG01,55
,,,,,,,,,,,,,CFG2027,LA CIUDAD CÓMO ESPACIO INCLUSIVO,5,,Sección 1,CÁTEDRA DE FG01,LU 16:00 - 18:45,GUTIERREZ VOLKER AMAURY,S-SANTIAGO,Vacantes FG,CFG2027_FG01,
,,,,,,,,,,,,,,,,,,,,,,,,
,,,,,,,,,,,,,,,,,,,,,,,,
,,,,,,,,,,,,,,,,,,,,,,,,
,,,,,,,,,,,,,CFG2029,B-LEARNING ARGUM. Y PENSAMIENTO CRÍTICO,5,,Sección 1,B-LEARNING FG01,LU 10:00 - 12:50,FERNÁNDEZ FELIPE IGNACIO,S-SANTIAGO,Vacantes FG,CFG2029_FG01,55
,,,,,,,,,,,,,CFG2029,B-LEARNING ARGUM. Y PENSAMIENTO CRÍTICO,5,,Sección 1,B-LEARNING FG01,LU 10:00 - 12:50,HAMAME EVA EMILIA,S-SANTIAGO,Vacantes FG,CFG2029_FG01,
,,,,,,,,,,,,,,,,,,,,,,,,
,,,,,,,,,,,,,,,,,,,,,,,,
,,,,,,,,,,,,,CFG2029,B-LEARNING ARGUM. Y PENSAMIENTO CRÍTICO,5,,Sección 2,B-LEARNING FG02,MA 10:00 - 12:50,GAETE VALENTINA BELEN,S-SANTIAGO,Vacantes FG,CFG2029_FG02,55
,,,,,,,,,,,,,CFG2029,B-LEARNING ARGUM. Y PENSAMIENTO CRÍTICO,5,,Sección 2,B-LEARNING FG02,MA 10:00 - 12:50,HAMAME EVA EMILIA,S-SANTIAGO,Vacantes FG,CFG2029_FG02,
,,,,,,,,,,,,,,,,,,,,,,,,
,,,,,,,,,,,,,,,,,,,,,,,,
,,,,,,,,,,,,,,,,,,,,,,,,
,,,,,,,,,,,,,CFG2050,CUENTO NORTEAMERICANO CONTEMPORÁNEO: REL,5,,Sección 1,CÁTEDRA DE FG01,MA JU 11:30 - 12:50,PILGRIN SAMUEL ALEJANDRO,S-SANTIAGO,Vacantes FG,CFG2050_FG01,55
,,,,,,,,,,,,,CFG2050,CUENTO NORTEAMERICANO CONTEMPORÁNEO: REL,5,,Sección 1,CÁTEDRA DE FG01,MA JU 11:30 - 12:50,CONTRERAS GONZALO,S-SANTIAGO,Vacantes FG,CFG2050_FG01,
,,,,,,,,,,,,,,,,,,,,,,,,
,,,,,,,,,,,,,,,,,,,,,,,,
,,,,,,,,,,,,,,,,,,,,,,,,
,,,,,,,,,,,,,CFG2059,POESIA INDIGENA LATINOAMERICANA,5,,Sección 1,CÁTEDRA DE FG01,MA MI 10:00 - 11:20,HUENUN JAIME LUIS,S-SANTIAGO,Vacantes FG,CFG2059_FG01,55
,,,,,,,,,,,,,CFG2059,POESIA INDIGENA LATINOAMERICANA,5,,Sección 1,CÁTEDRA DE FG01,MA MI 10:00 - 11:20,CATALÁN AILIN,S-SANTIAGO,Vacantes FG,CFG2059_FG01,
,,,,,,,,,,,,,,,,,,,,,,,,
,,,,,,,,,,,,,,,,,,,,,,,,
,,,,,,,,,,,,,,,,,,,,,,,,
,,,,,,,,,,,,,CFG2065,NOVELA GRÁFICA: SOBRE LA CRISIS DEL SUJE,5,,Sección 1,CÁTEDRA DE FG01,MI 17:25 - 20:10,DOMINGUEZ PALOMA DEL PILAR,S-SANTIAGO,Vacantes FG,CFG2065_FG01,55
,,,,,,,,,,,,,,,,,,,,,,,,
,,,,,,,,,,,,,,,,,,,,,,,,
,,,,,,,,,,,,,,,,,,,,,,,,
,,,,,,,,,,,,,CFG2066,ORIGEN Y EVOLUCIÓN DE LA VIDA,5,,Sección 1,CÁTEDRA DE FG01,LU VI 18:50 - 20:10,GALLARDO MAURICIO ORLANDO,S-SANTIAGO,Vacantes FG,CFG2066_FG01,55
,,,,,,,,,,,,,CFG2066,ORIGEN Y EVOLUCIÓN DE LA VIDA,5,,Sección 1,CÁTEDRA DE FG01,LU VI 18:50 - 20:10,PEREZ DANIELA ANDREA,S-SANTIAGO,Vacantes FG,CFG2066_FG01,
,,,,,,,,,,,,,,,,,,,,,,,,
,,,,,,,,,,,,,,,,,,,,,,,,
,,,,,,,,,,,,,,,,,,,,,,,,
,,,,,,,,,,,,,CFG2086,LA GUERRA FRIA ORIGEN Y FORMACION DEL MU,5,,Sección 1,CÁTEDRA DE FG01,LU JU 14:30 - 15:50,BUGUEÑO RODRIGO ALFONSO,S-SANTIAGO,Vacantes FG,CFG2086_FG01,55
,,,,,,,,,,,,,,,,,,,,,,,,
,,,,,,,,,,,,,,,,,,,,,,,,
,,,,,,,,,,,,,,,,,,,,,,,,
,,,,,,,,,,,,,CFG2098,REVOLUCIONES DE LA HISTORIA CONTEMPORÁNE,5,,Sección 1,B-LEARNING FG01,JU 14:30 - 17:20,SCHNEUER MARÍA JOSÉ,S-SANTIAGO,Vacantes FG,CFG2098_FG01,55
,,,,,,,,,,,,,CFG2098,REVOLUCIONES DE LA HISTORIA CONTEMPORÁNE,5,,Sección 1,B-LEARNING FG01,JU 14:30 - 17:20,ÁNGEL LUNA,S-SANTIAGO,Vacantes FG,CFG2098_FG01,
,,,,,,,,,,,,,,,,,,,,,,,,
,,,,,,,,,,,,,,,,,,,,,,,,
,,,,,,,,,,,,,,,,,,,,,,,,
,,,,,,,,,,,,,CFG2135,B-LEARNING EE.UU: SU VISIÓN DE LA LIBERT,5,,Sección 1,B-LEARNING FG01,MI 14:30 - 17:20,RODRIGUEZ ROSARIO CAROLINA,S-SANTIAGO,Vacantes FG,CFG2135_FG01,55
,,,,,,,,,,,,,CFG2135,B-LEARNING EE.UU: SU VISIÓN DE LA LIBERT,5,,Sección 1,B-LEARNING FG01,MI 14:30 - 17:20,LARA ROMINA,S-SANTIAGO,Vacantes FG,CFG2135_FG01,
,,,,,,,,,,,,,,,,,,,,,,,,
,,,,,,,,,,,,,,,,,,,,,,,,
,,,,,,,,,,,,,CFG2135,B-LEARNING EE.UU: SU VISIÓN DE LA LIBERT,5,,Sección 2,B-LEARNING 02,VI 11:30 - 14:20,RODRIGUEZ ROSARIO CAROLINA,S-HUECHURABA,Vacantes FG,CFG2135_CB02,45
,,,,,,,,,,,,,,,,,,,,,,,,
,,,,,,,,,,,,,,,,,,,,,,,,
,,,,,,,,,,,,,,,,,,,,,,,,
,,,,,,,,,,,,,CFG2140,"TRANSFORMACIONES URBANAS,PRÁCTICAS ESPAC",5,,Sección 1,CÁTEDRA DE FG01,LU MI 10:00 - 11:20,ALVAREZ ANA MARIA,S-SANTIAGO,Vacantes FG,CFG2140_FG01,55
,,,,,,,,,,,,,,,,,,,,,,,,
,,,,,,,,,,,,,,,,,,,,,,,,
,,,,,,,,,,,,,,,,,,,,,,,,
,,,,,,,,,,,,,CFG2141,LA CIUDAD:UN TERRITORIO EN DISPUTA.DEBAT,5,,Sección 1,CÁTEDRA DE FG01,JU 10:00 - 11:20,SCHMEISSER GONZALO,S-SANTIAGO,Vacantes FG,CFG2141_FG01,55
,,,,,,,,,,,,,CFG2141,LA CIUDAD:UN TERRITORIO EN DISPUTA.DEBAT,5,,Sección 1,CÁTEDRA DE FG01,JU 10:00 - 11:20; JU 11:30 - 12:50,LABORDE MIGUEL,S-SANTIAGO,Vacantes FG,CFG2141_FG01,
,,,,,,,,,,,,,,,,,,,,,,,,
,,,,,,,,,,,,,,,,,,,,,,,,
,,,,,,,,,,,,,,,,,,,,,,,,
,,,,,,,,,,,,,CFG2149,LA ERA DE LAS VANGUARDIAS HISTÓRICAS:ART,5,,Sección 1,B-LEARNING FG01,LU 18:50 - 21:35,SANTIBAÑEZ MARA JIMENA,S-SANTIAGO,Vacantes FG,CFG2149_FG01,55
,,,,,,,,,,,,,CFG2149,LA ERA DE LAS VANGUARDIAS HISTÓRICAS:ART,5,,Sección 1,B-LEARNING FG01,LU 18:50 - 21:35,FLORES CARLA,S-SANTIAGO,Vacantes FG,CFG2149_FG01,
,,,,,,,,,,,,,,,,,,,,,,,,
,,,,,,,,,,,,,,,,,,,,,,,,
,,,,,,,,,,,,,,,,,,,,,,,,
,,,,,,,,,,,,,CFG2150,SOCIEDAD Y MEDIOS DE COMUNICACIÓN,5,,Sección 1,CÁTEDRA DE FG01,MA JU 14:30 - 15:50,CORREA MARIA XIMENA,S-SANTIAGO,Vacantes FG,CFG2150_FG01,55
,,,,,,,,,,,,,CFG2150,SOCIEDAD Y MEDIOS DE COMUNICACIÓN,5,,Sección 1,CÁTEDRA DE FG01,MA JU 14:30 - 15:50,JIMÉNEZ ALMENDRA,S-SANTIAGO,Vacantes FG,CFG2150_FG01,
,,,,,,,,,,,,,,,,,,,,,,,,
,,,,,,,,,,,,,,,,,,,,,,,,
,,,,,,,,,,,,,,,,,,,,,,,,
,,,,,,,,,,,,,CFG2158,TÓPICOS DE POLÍTICA LATINOAMERICANA,5,,Sección 1,CÁTEDRA DE FG01,LU MI 08:30 - 09:50,AHUMADA CARLOS ANDRES,S-SANTIAGO,Vacantes FG,CFG2158_FG01,10
,,,,,,,,,,,,,,,,,,,,,,,,
,,,,,,,,,,,,,,,,,,,,,,,,
,,,,,,,,,,,,,,,,,,,,,,,,
,,,,,,,,,,,,,CFG2166,MÚSICA LATINOAMERICANA Y MOVIMIENTOS SOC,5,,Sección 1,CÁTEDRA DE FG01,LU MI 17:25 - 18:45,MARTINEZ FELIPE ANDRES,S-SANTIAGO,Vacantes FG,CFG2166_FG01,55
,,,,,,,,,,,,,,,,,,,,,,,,
,,,,,,,,,,,,,,,,,,,,,,,,
,,,,,,,,,,,,,,,,,,,,,,,,
,,,,,,,,,,,,,CFG2177,"B-LEARNING IMÁGEN, FOTOGRAFÍA Y MEMORIA",5,,Sección 1,B-LEARNING FG01,VI 08:30 - 11:20,YAÑEZ MILTON ALFREDO,S-SANTIAGO,Vacantes FG,CFG2177_FG01,55
,,,,,,,,,,,,,CFG2177,"B-LEARNING IMÁGEN, FOTOGRAFÍA Y MEMORIA",5,,Sección 1,B-LEARNING FG01,VI 08:30 - 11:20,SALGADO SAMUEL EDUARDO,S-SANTIAGO,Vacantes FG,CFG2177_FG01,
,,,,,,,,,,,,,,,,,,,,,,,,
,,,,,,,,,,,,,,,,,,,,,,,,
,,,,,,,,,,,,,,,,,,,,,,,,
,,,,,,,,,,,,,CFG2180,POESÍA Y PAISAJE EN CHILE,5,,Sección 1,CÁTEDRA DE FG01,MA JU 14:30 - 15:50,RUBIO RAFAEL IGNACIO,S-SANTIAGO,Vacantes FG,CFG2180_FG01,55
,,,,,,,,,,,,,,,,,,,,,,,,
,,,,,,,,,,,,,,,,,,,,,,,,
,,,,,,,,,,,,,,,,,,,,,,,,
,,,,,,,,,,,,,CFG2189,DERECHOS DE LAS MINORÍAS E INTERCULTURAL,5,,Sección 1,CÁTEDRA DE FG01,MA JU 17:25 - 18:45,MILLACURA CLAUDIO VICENTE,S-SANTIAGO,Vacantes FG,CFG2189_FG01,55
,,,,,,,,,,,,,,,,,,,,,,,,
,,,,,,,,,,,,,,,,,,,,,,,,
,,,,,,,,,,,,,,,,,,,,,,,,
,,,,,,,,,,,,,CFG2192,DEBATES DE GÉNERO: MUJERES Y HOMBRES EN,5,,Sección 1,CÁTEDRA DE FG01,MI 11:30 - 14:20,DURAND MARIA TERESA,S-SANTIAGO,Vacantes FG,CFG2192_FG01,55
,,,,,,,,,,,,,CFG2192,DEBATES DE GÉNERO: MUJERES Y HOMBRES EN,5,,Sección 1,CÁTEDRA DE FG01,MI 11:30 - 14:20,CORREA LAURA,S-SANTIAGO,Vacantes FG,CFG2192_FG01,
,,,,,,,,,,,,,,,,,,,,,,,,
,,,,,,,,,,,,,,,,,,,,,,,,
,,,,,,,,,,,,,,,,,,,,,,,,
,,,,,,,,,,,,,CFG2200,LAS ESCUELAS DE TEORÍA ECONÓMICA EN EL S,5,,Sección 1,CÁTEDRA DE FG01,MA JU 13:00 - 14:20,ABBOTT FELIPE ALBERTO,S-SANTIAGO,Vacantes FG,CFG2200_FG01,55
,,,,,,,,,,,,,,,,,,,,,,,,
,,,,,,,,,,,,,,,,,,,,,,,,
,,,,,,,,,,,,,,,,,,,,,,,,
,,,,,,,,,,,,,CFG2202,"DESIGUALDAD:DEFINICIÓN,MEDICIÓN Y CASOS",5,,Sección 1,CÁTEDRA DE FG01,JU 11:30 - 14:20,PUENTES GERMAN ADOLFO,S-HUECHURABA,Vacantes FG,CFG2202_FG01,45
,,,,,,,,,,,,,,,,,,,,,,,,
,,,,,,,,,,,,,,,,,,,,,,,,
,,,,,,,,,,,,,,,,,,,,,,,,
,,,,,,,,,,,,,CFG2203,EDUCACIÓN SUPERIOR EN CHILE: DESAFÍOS Y,5,,Sección 1,CÁTEDRA DE FG01,LU JU 11:30 - 12:50,MONTT PEDRO NOLASCO,S-SANTIAGO,Vacantes FG,CFG2203_FG01,55
,,,,,,,,,,,,,,,,,,,,,,,,
,,,,,,,,,,,,,,,,,,,,,,,,
,,,,,,,,,,,,,,,,,,,,,,,,
,,,,,,,,,,,,,CFG2208,EL DOCUMENTAL EN AMÉRICA LATINA: UN RELA,5,,Sección 1,CÁTEDRA DE FG01,MA 13:00 - 15:50,ROBLES GILBERTO ALFREDO,S-SANTIAGO,Vacantes FG,CFG2308_FG01,55
,,,,,,,,,,,,,,,,,,,,,,,,
,,,,,,,,,,,,,,,,,,,,,,,,
,,,,,,,,,,,,,,,,,,,,,,,,
,,,,,,,,,,,,,CFG2209,CONSTRUCCIÓN SOCIAL DE LA ENFERMEDAD:CI,5,,Sección 1,B-LEARNING FG01,VI 11:30 - 14:20,PAVEZ MELISA PAZ,S-SANTIAGO,Vacantes FG,CFG2209_FG01,55
,,,,,,,,,,,,,CFG2209,CONSTRUCCIÓN SOCIAL DE LA ENFERMEDAD:CI,5,,Sección 1,B-LEARNING FG01,VI 11:30 - 14:20,BARRERO LINA MARIA,S-SANTIAGO,Vacantes FG,CFG2209_FG01,
,,,,,,,,,,,,,,,,,,,,,,,,
,,,,,,,,,,,,,,,,,,,,,,,,
,,,,,,,,,,,,,,,,,,,,,,,,
,,,,,,,,,,,,,CFG2222,CIUDADES SUSTENTABLES:DESAFÍOS EN AMÉRIC,5,,Sección 1,CÁTEDRA DE FG01,MI 14:30 - 17:20,BRAVO MARIA JOSE,S-SANTIAGO,Vacantes FG,CFG2222_FG01,55
,,,,,,,,,,,,,CFG2222,CIUDADES SUSTENTABLES:DESAFÍOS EN AMÉRIC,5,,Sección 1,CÁTEDRA DE FG01,MI 14:30 - 17:20,SCHMIDT FRANCISCO JAVIER,S-SANTIAGO,Vacantes FG,CFG2222_FG01,
,,,,,,,,,,,,,,,,,,,,,,,,
,,,,,,,,,,,,,,,,,,,,,,,,
,,,,,,,,,,,,,CFG2222,CIUDADES SUSTENTABLES:DESAFÍOS EN AMÉRIC,5,,Sección 2,CÁTEDRA DE FG02,MI 10:00 - 12:50,BRAVO MARIA JOSE,S-SANTIAGO,Vacantes FG,CFG2222_FG02,10
,,,,,,,,,,,,,CFG2222,CIUDADES SUSTENTABLES:DESAFÍOS EN AMÉRIC,5,,Sección 2,CÁTEDRA DE FG02,MI 10:00 - 12:50,SCHMIDT FRANCISCO JAVIER,S-SANTIAGO,Vacantes FG,CFG2222_FG02,
,,,,,,,,,,,,,,,,,,,,,,,,
,,,,,,,,,,,,,,,,,,,,,,,,
,,,,,,,,,,,,,,,,,,,,,,,,
,,,,,,,,,,,,,CFG2224,"POBLACIÓN,DESARROLLO Y POLÍTICAS PÚBL",5,,Sección 1,B-LEARNING FG01,MI 11:30 - 14:20,SINGH DOMINIQUE,S-SANTIAGO,Vacantes FG,CFG2224_FG01,55
,,,,,,,,,,,,,CFG2224,"POBLACIÓN,DESARROLLO Y POLÍTICAS PÚBL",5,,Sección 1,B-LEARNING FG01,MI 11:30 - 14:20,AGAR LORENZO RENE,S-SANTIAGO,Vacantes FG,CFG2224_FG01,
,,,,,,,,,,,,,,,,,,,,,,,,
,,,,,,,,,,,,,,,,,,,,,,,,
,,,,,,,,,,,,,,,,,,,,,,,,
,,,,,,,,,,,,,CFG2225,"ORIGEN, EVOLUCIÓN Y FIN DEL UNIVERSO",5,,Sección 1,CÁTEDRA DE FG01,MI JU 18:50 - 20:10,LABBE ERIKA FABIOLA,S-SANTIAGO,Vacantes FG,CFG2225_FG01,55
,,,,,,,,,,,,,CFG2225,"ORIGEN, EVOLUCIÓN Y FIN DEL UNIVERSO",5,,Sección 1,CÁTEDRA DE FG01,MI JU 18:50 - 20:10,SOTO DANIEL EDUARDO,S-SANTIAGO,Vacantes FG,CFG2225_FG01,
,,,,,,,,,,,,,,,,,,,,,,,,
,,,,,,,,,,,,,,,,,,,,,,,,
,,,,,,,,,,,,,,,,,,,,,,,,
,,,,,,,,,,,,,CFG2238,CIUDADANÍA Y GÉNERO EN CHILE:SIGLOS XX Y,5,,Sección 1,CÁTEDRA DE FG01,MA JU 16:00 - 17:20,GODOY CARMEN  GLORIA,S-SANTIAGO,Vacantes FG,CFG2238_FG01,55
,,,,,,,,,,,,,,,,,,,,,,,,
,,,,,,,,,,,,,,,,,,,,,,,,
,,,,,,,,,,,,,,,,,,,,,,,,
,,,,,,,,,,,,,CFG2240,MICROORGANISMOS: ORÍGENES Y PANDEMIAS AC,5,,Sección 1,CÁTEDRA DE FG01,JU VI 17:25 - 18:45,PEREZ DANIELA ANDREA,S-SANTIAGO,Vacantes FG,CFG2240_FG01,55
,,,,,,,,,,,,,CFG2240,MICROORGANISMOS: ORÍGENES Y PANDEMIAS AC,5,,Sección 1,CÁTEDRA DE FG01,JU VI 17:25 - 18:45,NAVARRO MYRIAM ANDREA,S-SANTIAGO,Vacantes FG,CFG2240_FG01,
,,,,,,,,,,,,,,,,,,,,,,,,
,,,,,,,,,,,,,,,,,,,,,,,,
,,,,,,,,,,,,,,,,,,,,,,,,
,,,,,,,,,,,,,CFG2244,"CIUDADANÍA , POBREZA E INNOVACIÓN SOCIAL",5,,Sección 1,B-LEARNING FG01,JU 18:50 - 21:35,GUERRA OSCAR   PATRICIO,S-SANTIAGO,Vacantes FG,CFG2244_FG01,55
,,,,,,,,,,,,,,,,,,,,,,,,
,,,,,,,,,,,,,,,,,,,,,,,,
,,,,,,,,,,,,,,,,,,,,,,,,
,,,,,,,,,,,,,CFG2253,"CREYENTES, AGNÓSTICOS Y ATEOS EN LA ERA",5,,Sección 1,CÁTEDRA DE FG01,LU 11:30 - 12:50; MI 10:00 - 11:20,OTERO EDISON HERMES,S-SANTIAGO,Vacantes FG,CFG2253_FG01,55
,,,,,,,,,,,,,,,,,,,,,,,,
,,,,,,,,,,,,,,,,,,,,,,,,
,,,,,,,,,,,,,,,,,,,,,,,,
,,,,,,,,,,,,,CFG2257,HISTORIA DE LAS CORRIENTES POLÍTICAS EN,5,,Sección 1,CÁTEDRA DE FG01,JU 13:00 - 14:20; LU 16:00 - 17:20,ARANGUIZ SANTIAGO,S-SANTIAGO,Vacantes FG,CFG2257_FG01,55
,,,,,,,,,,,,,,,,,,,,,,,,
,,,,,,,,,,,,,,,,,,,,,,,,
,,,,,,,,,,,,,,,,,,,,,,,,
,,,,,,,,,,,,,CFG2262,CRISIS MEDIOAMBIENTAL Y SUS CONSECUENCIA,5,,Sección 1,CÁTEDRA 01,MA 14:30 - 17:20,LIZAMA NATALIA ANDREA,S-SANTIAGO,Vacantes FG,CFG2262_FG01,55
,,,,,,,,,,,,,,,,,,,,,,,,
,,,,,,,,,,,,,,,,,,,,,,,,
,,,,,,,,,,,,,,,,,,,,,,,,
,,,,,,,,,,,,,CFG2273,"ASTRONOMÍA MODERNA, UNA PERSPECTIVA CÓSM",5,,Sección 1,B-LEARNING FG01,LU 13:00 - 15:50,ARAVENA MANUEL ALEJANDRO,S-SANTIAGO,Vacantes FG,CFG2273_FG01,55
,,,,,,,,,,,,,,,,,,,,,,,,
,,,,,,,,,,,,,,,,,,,,,,,,
,,,,,,,,,,,,,CFG2273,"ASTRONOMÍA MODERNA, UNA PERSPECTIVA CÓSM",5,,Sección 2,CÁTEDRA DE FG02,MA VI 13:00 - 14:20,ZURLO ALICE,S-SANTIAGO,Vacantes FG,CFG2273_FG02,55
,,,,,,,,,,,,,,,,,,,,,,,,
,,,,,,,,,,,,,,,,,,,,,,,,
,,,,,,,,,,,,,,,,,,,,,,,,
,,,,,,,,,,,,,CFG2278,MOVIMIENTOS SOCIALES EN LA HISTORIA RECI,5,,Sección 1,CÁTEDRA DE FG01,LU 11:30 - 12:50; MI 14:30 - 15:50,CAVIERES JULIA,S-SANTIAGO,Vacantes FG,CFG2278_FG01,10
,,,,,,,,,,,,,,,,,,,,,,,,
,,,,,,,,,,,,,,,,,,,,,,,,
,,,,,,,,,,,,,,,,,,,,,,,,
,,,,,,,,,,,,,CFG2280,ARTE Y PSICOANÁLISIS,5,,Sección 1,CÁTEDRA DE FG01,MA 10:00 - 12:50,PEREZ CARLOS,S-SANTIAGO,Vacantes FG,CFG2080_FG01,55
,,,,,,,,,,,,,,,,,,,,,,,,
,,,,,,,,,,,,,,,,,,,,,,,,
,,,,,,,,,,,,,,,,,,,,,,,,
,,,,,,,,,,,,,CFG2285,EL SIGLO XX: TRANSFORMACIONES Y CONFLICT,5,,Sección 1,CÁTEDRA DE FG01,LU MI 10:00 - 11:20,MENEGHELLO RAIMUNDO GUILLERM,S-SANTIAGO,Vacantes FG,CFG2285_FG01,55
,,,,,,,,,,,,,,,,,,,,,,,,
,,,,,,,,,,,,,,,,,,,,,,,,
,,,,,,,,,,,,,,,,,,,,,,,,
,,,,,,,,,,,,,CFG5005,SALUD PÚBLICA Y POLÍTICAS PÚBLICAS,5,,Sección 1,B-LEARNING FG01,LU JU 08:30 - 09:50,MARTINEZ PAULINA ALEJANDRA,S-SANTIAGO,Vacantes FG,CFG5005_FG01,55
,,,,,,,,,,,,,,,,,,,,,,,,
,,,,,,,,,,,,,,,,,,,,,,,,
,,,,,,,,,,,,,,,,,,,,,,,,
,,,,,,,,,,,,,CFG5006,B-LEARNING HIS. DEL DOCUMENTAL CONTEM.,5,,Sección 1,B-LEARNING FG01,MA 18:50 - 21:35,LIENDO DANIELA ANDREA,S-SANTIAGO,Vacantes FG,CFG5006_FG01,55
,,,,,,,,,,,,,,,,,,,,,,,,
,,,,,,,,,,,,,,,,,,,,,,,,
,,,,,,,,,,,,,,,,,,,,,,,,
,,,,,,,,,,,,,UAH1050,EL JESÚS HISTÓRICO,5,,Sección 1,CÁTEDRA FG01,JU 13:00 - 15:50,,S-ALBHURTADO,Vacantes FG,UAH1050_FG01,2
,,,,,,,,,,,,,,,,,,,,,,,,
,,,,,,,,,,,,,,,,,,,,,,,,
,,,,,,,,,,,,,,,,,,,,,,,,
,,,,,,,,,,,,,UAH1075,TEOLOGÍA Y ARTE,5,,Sección 1,CÁTEDRA FG01,MI 16:00 - 17:20,,S-ALBHURTADO,Vacantes FG,UAH1075_FG01,2
,,,,,,,,,,,,,,,,,,,,,,,,
,,,,,,,,,,,,,,,,,,,,,,,,
,,,,,,,,,,,,,,,,,,,,,,,,
,,,,,,,,,,,,,CFG2294,B-LEARNIN CAMBIO CLI. Y ECO. POL. GLOBAL,5,,Sección 1,B-LEARNING FG01,MI 18:50 - 21:35,RAMÍREZ CARLOS ALBERTO,S-SANTIAGO,Vacantes FG,CFG2294_FG01,55
,,,,,,,,,,,,,,,,,,,,,,,,
,,,,,,,,,,,,,,,,,,,,,,,,
,,,,,,,,,,,,,,,,,,,,,,,,
,,,,,,,,,,,,,CFG2295,B-LEARNING RELACIONES DE PODER Y GÉNERO,5,,Sección 1,B-LEARNING FG01,MI 08:30 - 11:20,SCHONGUT NICOLAS,S-SANTIAGO,Vacantes FG,CFG2295_FG01,55
,,,,,,,,,,,,,,,,,,,,,,,,
,,,,,,,,,,,,,,,,,,,,,,,,
,,,,,,,,,,,,,,,,,,,,,,,,
,,,,,,,,,,,,,CFG2296,"B-LEARNING GLOB., INFO. Y SOC. ACTUAL",5,,Sección 1,B-LEARNING FG01,JU 18:50 - 21:35,ROMERO ELENA PILAR,S-SANTIAGO,Vacantes FG,CFG2296_FG01,55
,,,,,,,,,,,,,CFG2296,"B-LEARNING GLOB., INFO. Y SOC. ACTUAL",5,,Sección 1,B-LEARNING FG01,JU 18:50 - 21:35,LEIVA SELMA,S-SANTIAGO,Vacantes FG,CFG2296_FG01,
,,,,,,,,,,,,,,,,,,,,,,,,
,,,,,,,,,,,,,,,,,,,,,,,,
,,,,,,,,,,,,,,,,,,,,,,,,
,,,,,,,,,,,,,CFG2312,RAZONAMIENTO Y PENSAMIENTO CRÍTICO,5,,Sección 1,CÁTEDRA DE FG01,MA JU 14:30 - 15:50,REYES MIGUEL MARCELO,S-HUECHURABA,Vacantes FG,CFG2312_FG01,45
,,,,,,,,,,,,,,,,,,,,,,,,
,,,,,,,,,,,,,,,,,,,,,,,,
,,,,,,,,,,,,,,,,,,,,,,,,
,,,,,,,,,,,,,CIG1001,INGLÉS GENERAL I,5,"ENG1500, IAE3521, IFM2203",Sección 1,CÁTEDRA INGLÉS 01,MA JU 13:00 - 14:20,DIAZ MABEL ISAURA,S-SANTIAGO,Vacantes de Carrera,CIG1001_VC01,30
,,,,,,,,,,,,,,,,,,,,,,,,
,,,,,,,,,,,,,,,,,,,,,,,,
,,,,,,,,,,,,,CIG1001,INGLÉS GENERAL I,5,"ENG1500, IAE3521, IFM2203",Sección 2,CÁTEDRA B-LEARNING HORARIO BLOQUEADO,MI 11:30 - 14:20,DIAZ MABEL ISAURA,S-SANTIAGO,Vacantes de Carrera,CIG1001_CB02,30
,,,,,,,,,,,,,,,,,,,,,,,,
,,,,,,,,,,,,,,,,,,,,,,,,
,,,,,,,,,,,,,,,,,,,,,,,,
,,,,,,,,,,,,,CIG1002,INGLÉS GENERAL II,5,"ENG2100, IAE3621, IFM2303, CI",Sección 1,CÁTEDRA INGLÉS 01,JU 14:30 - 15:50; LU 16:00 - 17:20,PALOMINOS MARCELA CATALINA,S-SANTIAGO,Vacantes de Carrera,CIG1002_VC01,30
,,,,,,,,,,,,,,,,,,,,,,,,
,,,,,,,,,,,,,,,,,,,,,,,,
,,,,,,,,,,,,,CIG1002,INGLÉS GENERAL II,5,"ENG2100, IAE3621, IFM2303, CI",Sección 10,CÁTEDRA INGLÉS 10,MA JU 08:30 - 09:50,DIAZ AMANDA,S-HUECHURABA,Vacantes de Carrera,CIG1002_VC10,30
,,,,,,,,,,,,,,,,,,,,,,,,
,,,,,,,,,,,,,,,,,,,,,,,,
,,,,,,,,,,,,,CIG1002,INGLÉS GENERAL II,5,"ENG2100, IAE3621, IFM2303, CI",Sección 11,CÁTEDRA B-LEARNING HORARIO BLOQUEADO,MA 10:00 - 12:50,PALOMINOS MARCELA CATALINA,S-SANTIAGO,Vacantes de Carrera,CIG1002_CB11,30
,,,,,,,,,,,,,,,,,,,,,,,,
,,,,,,,,,,,,,,,,,,,,,,,,
,,,,,,,,,,,,,CIG1002,INGLÉS GENERAL II,5,"ENG2100, IAE3621, IFM2303, CI",Sección 2,CÁTEDRA INGLÉS 02,MI VI 10:00 - 11:20,DIAZ MABEL ISAURA,S-SANTIAGO,Vacantes de Carrera,CIG1002_VC02,30
,,,,,,,,,,,,,,,,,,,,,,,,
,,,,,,,,,,,,,,,,,,,,,,,,
,,,,,,,,,,,,,CIG1002,INGLÉS GENERAL II,5,"ENG2100, IAE3621, IFM2303, CI",Sección 3,CÁTEDRA INGLÉS 03,LU MI 08:30 - 09:50,PALOMINOS MARCELA CATALINA,S-SANTIAGO,Vacantes de Carrera,CIG1002_VC03,30
,,,,,,,,,,,,,,,,,,,,,,,,
,,,,,,,,,,,,,,,,,,,,,,,,
,,,,,,,,,,,,,CIG1002,INGLÉS GENERAL II,5,"ENG2100, IAE3621, IFM2303, CI",Sección 4,CÁTEDRA INGLÉS 04,LU 10:00 - 11:20; VI 13:00 - 14:20,PALOMINOS MARCELA CATALINA,S-SANTIAGO,Vacantes de Carrera,CIG1002_VC04,30
,,,,,,,,,,,,,,,,,,,,,,,,
,,,,,,,,,,,,,,,,,,,,,,,,
,,,,,,,,,,,,,CIG1002,INGLÉS GENERAL II,5,"ENG2100, IAE3621, IFM2303, CI",Sección 5,CÁTEDRA INGLÉS 05,MI VI 08:30 - 09:50,DIAZ MABEL ISAURA,S-SANTIAGO,Vacantes de Carrera,CIG1002_VC05,30
,,,,,,,,,,,,,,,,,,,,,,,,
,,,,,,,,,,,,,,,,,,,,,,,,
,,,,,,,,,,,,,CIG1002,INGLÉS GENERAL II,5,"ENG2100, IAE3621, IFM2303, CI",Sección 6,CÁTEDRA INGLÉS 06,MA JU 08:30 - 09:50,DIAZ MABEL ISAURA,S-SANTIAGO,Vacantes de Carrera,CIG1002_VC06,30
,,,,,,,,,,,,,,,,,,,,,,,,
,,,,,,,,,,,,,,,,,,,,,,,,
,,,,,,,,,,,,,CIG1002,INGLÉS GENERAL II,5,"ENG2100, IAE3621, IFM2303, CI",Sección 7,CÁTEDRA INGLÉS 07,MA JU 10:00 - 11:20,DIAZ MABEL ISAURA,S-SANTIAGO,Vacantes de Carrera,CIG1002_VC07,30
,,,,,,,,,,,,,,,,,,,,,,,,
,,,,,,,,,,,,,,,,,,,,,,,,
,,,,,,,,,,,,,CIG1002,INGLÉS GENERAL II,5,"ENG2100, IAE3621, IFM2303, CI",Sección 8,CÁTEDRA INGLES 08,MA JU 11:30 - 12:50,DIAZ MABEL ISAURA,S-SANTIAGO,Vacantes de Carrera,CIG1002_VC08,30
,,,,,,,,,,,,,,,,,,,,,,,,
,,,,,,,,,,,,,,,,,,,,,,,,
,,,,,,,,,,,,,CIG1002,INGLÉS GENERAL II,5,"ENG2100, IAE3621, IFM2303, CI",Sección 9,CÁTEDRA INGLÉS 09,JU 14:30 - 15:50; LU 16:00 - 17:20,GARRIDO ALFREDO,S-SANTIAGO,Vacantes de Carrera,CIG1002_VC09,30
,,,,,,,,,,,,,,,,,,,,,,,,
,,,,,,,,,,,,,,,,,,,,,,,,
,,,,,,,,,,,,,,,,,,,,,,,,
,,,,,,,,,,,,,CIG1003,INGLÉS GENERAL III,5,"ENG2500, IAE3721, ICO8703, CI",Sección 1,CÁTEDRA INGLÉS 01,JU 14:30 - 15:50; LU 16:00 - 17:20,ACEITUNO ADOLFO ENRIQUE,S-SANTIAGO,Vacantes de Carrera,CIG1003_VC01,30
,,,,,,,,,,,,,,,,,,,,,,,,
,,,,,,,,,,,,,,,,,,,,,,,,
,,,,,,,,,,,,,CIG1003,INGLÉS GENERAL III,5,"ENG2500, IAE3721, ICO8703, CI",Sección 10,CÁTEDRA INGLÉS 10,LU MI 08:30 - 09:50,NEGRETE NORMA ENRIQUETA,S-SANTIAGO,Vacantes de Carrera,CIG1003_VC10,30
,,,,,,,,,,,,,,,,,,,,,,,,
,,,,,,,,,,,,,,,,,,,,,,,,
,,,,,,,,,,,,,CIG1003,INGLÉS GENERAL III,5,"ENG2500, IAE3721, ICO8703, CI",Sección 11,CÁTEDRA INGLÉS 11,LU MI 10:00 - 11:20,NEGRETE NORMA ENRIQUETA,S-SANTIAGO,Vacantes de Carrera,CIG1003_VC11,30
,,,,,,,,,,,,,,,,,,,,,,,,
,,,,,,,,,,,,,,,,,,,,,,,,
,,,,,,,,,,,,,CIG1003,INGLÉS GENERAL III,5,"ENG2500, IAE3721, ICO8703, CI",Sección 12,CÁTEDRA INGLÉS 12,MA JU 10:00 - 11:20,SCHIAPPACASSE VILMA,S-SANTIAGO,Vacantes de Carrera,CIG1003_VC12,30
,,,,,,,,,,,,,,,,,,,,,,,,
,,,,,,,,,,,,,,,,,,,,,,,,
,,,,,,,,,,,,,CIG1003,INGLÉS GENERAL III,5,"ENG2500, IAE3721, ICO8703, CI",Sección 13,CÁTEDRA INGLÉS 13,MI VI 10:00 - 11:20,MOYANO NATALY DEL SOL,S-SANTIAGO,Vacantes de Carrera,CIG1003_VC13,30
,,,,,,,,,,,,,,,,,,,,,,,,
,,,,,,,,,,,,,,,,,,,,,,,,
,,,,,,,,,,,,,CIG1003,INGLÉS GENERAL III,5,"ENG2500, IAE3721, ICO8703, CI",Sección 14,CÁTEDRA INGLÉS 14,MI VI 11:30 - 12:50,CONTRERAS EUGENIA BEATRIZ,S-SANTIAGO,Vacantes de Carrera,CIG1003_VC14,30
,,,,,,,,,,,,,,,,,,,,,,,,
,,,,,,,,,,,,,,,,,,,,,,,,
,,,,,,,,,,,,,CIG1003,INGLÉS GENERAL III,5,"ENG2500, IAE3721, ICO8703, CI",Sección 15,CÁTEDRA INGLÉS 15,MA JU 11:30 - 12:50,SCHIAPPACASSE VILMA,S-SANTIAGO,Vacantes de Carrera,CIG1003_VC15,30
,,,,,,,,,,,,,,,,,,,,,,,,
,,,,,,,,,,,,,,,,,,,,,,,,
,,,,,,,,,,,,,CIG1003,INGLÉS GENERAL III,5,"ENG2500, IAE3721, ICO8703, CI",Sección 16,CÁTEDRA INGLÉS 16,MI VI 13:00 - 14:20,MOYANO NATALY DEL SOL,S-SANTIAGO,Vacantes de Carrera,CIG1003_VC16,30
,,,,,,,,,,,,,,,,,,,,,,,,
,,,,,,,,,,,,,,,,,,,,,,,,
,,,,,,,,,,,,,CIG1003,INGLÉS GENERAL III,5,"ENG2500, IAE3721, ICO8703, CI",Sección 17,CÁTEDRA INGLÉS 17,MI VI 14:30 - 15:50,MOYANO NATALY DEL SOL,S-SANTIAGO,Vacantes de Carrera,CIG1003_VC17,30
,,,,,,,,,,,,,,,,,,,,,,,,
,,,,,,,,,,,,,,,,,,,,,,,,
,,,,,,,,,,,,,CIG1003,INGLÉS GENERAL III,5,"ENG2500, IAE3721, ICO8703, CI",Sección 18,CÁTEDRA INGLÉS 18,MI JU 10:00 - 11:20,RAMIREZ PAMELA,S-SANTIAGO,Vacantes de Carrera,CIG1003_VC18,30
,,,,,,,,,,,,,,,,,,,,,,,,
,,,,,,,,,,,,,,,,,,,,,,,,
,,,,,,,,,,,,,CIG1003,INGLÉS GENERAL III,5,"ENG2500, IAE3721, ICO8703, CI",Sección 19,CÁTEDRA INGLÉS 19,MI JU 11:30 - 12:50,RAMIREZ PAMELA,S-SANTIAGO,Vacantes de Carrera,CIG1003_VC19,30
,,,,,,,,,,,,,,,,,,,,,,,,
,,,,,,,,,,,,,,,,,,,,,,,,
,,,,,,,,,,,,,CIG1003,INGLÉS GENERAL III,5,"ENG2500, IAE3721, ICO8703, CI",Sección 2,CÁTEDRA INGLÉS 02,MA JU 16:00 - 17:20,ACEITUNO ADOLFO ENRIQUE,S-SANTIAGO,Vacantes de Carrera,CIG1003_VC02,30
,,,,,,,,,,,,,,,,,,,,,,,,
,,,,,,,,,,,,,,,,,,,,,,,,
,,,,,,,,,,,,,CIG1003,INGLÉS GENERAL III,5,"ENG2500, IAE3721, ICO8703, CI",Sección 20,CÁTEDRA INGLÉS 20,MA JU 14:30 - 15:50,CEA KAREM CAROL,S-SANTIAGO,Vacantes de Carrera,CIG1003_VC20,30
,,,,,,,,,,,,,,,,,,,,,,,,
,,,,,,,,,,,,,,,,,,,,,,,,
,,,,,,,,,,,,,CIG1003,INGLÉS GENERAL III,5,"ENG2500, IAE3721, ICO8703, CI",Sección 21,CÁTEDRA INGLÉS 21,MA JU 16:00 - 17:20,CEA KAREM CAROL,S-SANTIAGO,Vacantes de Carrera,CIG1003_VC21,30
,,,,,,,,,,,,,,,,,,,,,,,,
,,,,,,,,,,,,,,,,,,,,,,,,
,,,,,,,,,,,,,CIG1003,INGLÉS GENERAL III,5,"ENG2500, IAE3721, ICO8703, CI",Sección 22,CÁTEDRA INGLÉS 22,LU VI 11:30 - 12:50,VÁSQUEZ JORGE ANDRÉS,S-SANTIAGO,Vacantes de Carrera,CIG1003_VC22,30
,,,,,,,,,,,,,,,,,,,,,,,,
,,,,,,,,,,,,,,,,,,,,,,,,
,,,,,,,,,,,,,CIG1003,INGLÉS GENERAL III,5,"ENG2500, IAE3721, ICO8703, CI",Sección 23,CÁTEDRA INGLÉS 23,MA JU 10:00 - 11:20,POBLETE JAVIERA FRANCISCA,S-SANTIAGO,Vacantes de Carrera,CIG1003_VC23,30
,,,,,,,,,,,,,,,,,,,,,,,,
,,,,,,,,,,,,,,,,,,,,,,,,
,,,,,,,,,,,,,CIG1003,INGLÉS GENERAL III,5,"ENG2500, IAE3721, ICO8703, CI",Sección 24,CÁTEDRA INGLÉS 24,LU MI 10:00 - 11:20,CUITIÑO JOCELYN,S-SANTIAGO,Vacantes de Carrera,CIG1003_VC24,30
,,,,,,,,,,,,,,,,,,,,,,,,
,,,,,,,,,,,,,,,,,,,,,,,,
,,,,,,,,,,,,,CIG1003,INGLÉS GENERAL III,5,"ENG2500, IAE3721, ICO8703, CI",Sección 25,CÁTEDRA INGLÉS 25,JU 16:00 - 17:20; LU 14:30 - 15:50,GARRIDO ALFREDO,S-SANTIAGO,Vacantes de Carrera,CIG1003_VC25,30
,,,,,,,,,,,,,,,,,,,,,,,,
,,,,,,,,,,,,,,,,,,,,,,,,
,,,,,,,,,,,,,CIG1003,INGLÉS GENERAL III,5,"ENG2500, IAE3721, ICO8703, CI",Sección 26,CÁTEDRA INGLÉS 26,LU JU 17:25 - 18:45,GARRIDO ALFREDO,S-SANTIAGO,Vacantes de Carrera,CIG1003_VC26,30
,,,,,,,,,,,,,,,,,,,,,,,,
,,,,,,,,,,,,,,,,,,,,,,,,
,,,,,,,,,,,,,CIG1003,INGLÉS GENERAL III,5,"ENG2500, IAE3721, ICO8703, CI",Sección 27,CÁTEDRA INGLES 27,MA JU 08:30 - 09:50,ARAOS JENNY FABIOLA,S-SANTIAGO,Vacantes de Carrera,CIG1003_VC27,30
,,,,,,,,,,,,,,,,,,,,,,,,
,,,,,,,,,,,,,,,,,,,,,,,,
,,,,,,,,,,,,,CIG1003,INGLÉS GENERAL III,5,"ENG2500, IAE3721, ICO8703, CI",Sección 28,CÁTEDRA INGLÉS 28,LU MI 08:30 - 09:50,ARAOS JENNY FABIOLA,S-SANTIAGO,Vacantes de Carrera,CIG1003_VC28,30
,,,,,,,,,,,,,,,,,,,,,,,,
,,,,,,,,,,,,,,,,,,,,,,,,
,,,,,,,,,,,,,CIG1003,INGLÉS GENERAL III,5,"ENG2500, IAE3721, ICO8703, CI",Sección 29,CÁTEDRA INGLÉS 29,MA VI 10:00 - 11:20,ARCE CARLOS ANDRES,S-SANTIAGO,Vacantes de Carrera,CIG1003_VC29,30
,,,,,,,,,,,,,,,,,,,,,,,,
,,,,,,,,,,,,,,,,,,,,,,,,
,,,,,,,,,,,,,CIG1003,INGLÉS GENERAL III,5,"ENG2500, IAE3721, ICO8703, CI",Sección 3,CÁTEDRA INGLÉS 03,MA VI 14:30 - 15:50,ACEITUNO ADOLFO ENRIQUE,S-SANTIAGO,Vacantes de Carrera,CIG1003_VC03,30
,,,,,,,,,,,,,,,,,,,,,,,,
,,,,,,,,,,,,,,,,,,,,,,,,
,,,,,,,,,,,,,CIG1003,INGLÉS GENERAL III,5,"ENG2500, IAE3721, ICO8703, CI",Sección 30,CÁTEDRA INGLÉS 30,MA VI 11:30 - 12:50,ARCE CARLOS ANDRES,S-SANTIAGO,Vacantes de Carrera,CIG1003_VC30,30
,,,,,,,,,,,,,,,,,,,,,,,,
,,,,,,,,,,,,,,,,,,,,,,,,
,,,,,,,,,,,,,CIG1003,INGLÉS GENERAL III,5,"ENG2500, IAE3721, ICO8703, CI",Sección 31,CÁTEDRA INGLÉS 31,LU MI 13:00 - 14:20,CELIS MARIA PAULINA,S-SANTIAGO,Vacantes de Carrera,CIG1003_VC31,30
,,,,,,,,,,,,,,,,,,,,,,,,
,,,,,,,,,,,,,,,,,,,,,,,,
,,,,,,,,,,,,,CIG1003,INGLÉS GENERAL III,5,"ENG2500, IAE3721, ICO8703, CI",Sección 32,CÁTEDRA INGLÉS 32,MA JU 13:00 - 14:20,CELIS MARIA PAULINA,S-SANTIAGO,Vacantes de Carrera,CIG1003_VC32,30
,,,,,,,,,,,,,,,,,,,,,,,,
,,,,,,,,,,,,,,,,,,,,,,,,
,,,,,,,,,,,,,CIG1003,INGLÉS GENERAL III,5,"ENG2500, IAE3721, ICO8703, CI",Sección 33,CÁTEDRA INGLÉS 33,LU MI 13:00 - 14:20,ARAVENA ERICK,S-SANTIAGO,Vacantes de Carrera,CIG1003_VC33,30
,,,,,,,,,,,,,,,,,,,,,,,,
,,,,,,,,,,,,,,,,,,,,,,,,
,,,,,,,,,,,,,CIG1003,INGLÉS GENERAL III,5,"ENG2500, IAE3721, ICO8703, CI",Sección 34,CÁTEDRA INGLÉS 34,LU MI 14:30 - 15:50,ARAVENA ERICK,S-SANTIAGO,Vacantes de Carrera,CIG1003_VC34,30
,,,,,,,,,,,,,,,,,,,,,,,,
,,,,,,,,,,,,,,,,,,,,,,,,
,,,,,,,,,,,,,CIG1003,INGLÉS GENERAL III,5,"ENG2500, IAE3721, ICO8703, CI",Sección 35,CÁTEDRA INGLÉS 35,LU MI 16:00 - 17:20,ARAVENA ERICK,S-SANTIAGO,Vacantes de Carrera,CIG1003_VC35,30
,,,,,,,,,,,,,,,,,,,,,,,,
,,,,,,,,,,,,,,,,,,,,,,,,
,,,,,,,,,,,,,CIG1003,INGLÉS GENERAL III,5,"ENG2500, IAE3721, ICO8703, CI",Sección 36,CÁTEDRA INGLÉS 36,LU 14:30 - 15:50; MI 13:00 - 14:20,BAMBACH MARIA EUGENIA,S-SANTIAGO,Vacantes de Carrera,CIG1003_VC36,30
,,,,,,,,,,,,,,,,,,,,,,,,
,,,,,,,,,,,,,,,,,,,,,,,,
,,,,,,,,,,,,,CIG1003,INGLÉS GENERAL III,5,"ENG2500, IAE3721, ICO8703, CI",Sección 37,CÁTEDRA INGLES 37,LU 16:00 - 17:20; MI 14:30 - 15:50,BAMBACH MARIA EUGENIA,S-SANTIAGO,Vacantes de Carrera,CIG1003_VC37,30
,,,,,,,,,,,,,,,,,,,,,,,,
,,,,,,,,,,,,,,,,,,,,,,,,
,,,,,,,,,,,,,CIG1003,INGLÉS GENERAL III,5,"ENG2500, IAE3721, ICO8703, CI",Sección 38,CÁTEDRA INGLÉS 38,MI VI 08:30 - 09:50,CONTRERAS EUGENIA BEATRIZ,S-SANTIAGO,Vacantes de Carrera,CIG1003_VC38,30
,,,,,,,,,,,,,,,,,,,,,,,,
,,,,,,,,,,,,,,,,,,,,,,,,
,,,,,,,,,,,,,CIG1003,INGLÉS GENERAL III,5,"ENG2500, IAE3721, ICO8703, CI",Sección 39,CÁTEDRA INGLES 39,MI VI 10:00 - 11:20,CONTRERAS EUGENIA BEATRIZ,S-SANTIAGO,Vacantes de Carrera,CIG1003_VC39,30
,,,,,,,,,,,,,,,,,,,,,,,,
,,,,,,,,,,,,,,,,,,,,,,,,
,,,,,,,,,,,,,CIG1003,INGLÉS GENERAL III,5,"ENG2500, IAE3721, ICO8703, CI",Sección 4,CÁTEDRA INGLÉS 04,MA JU 13:00 - 14:20,ACEITUNO ADOLFO ENRIQUE,S-SANTIAGO,Vacantes de Carrera,CIG1003_VC04,30
,,,,,,,,,,,,,,,,,,,,,,,,
,,,,,,,,,,,,,,,,,,,,,,,,
,,,,,,,,,,,,,CIG1003,INGLÉS GENERAL III,5,"ENG2500, IAE3721, ICO8703, CI",Sección 40,CÁTEDRA INGLES 40,MA JU 11:30 - 12:50,POBLETE JAVIERA FRANCISCA,S-SANTIAGO,Vacantes de Carrera,CIG1003_VC40,30
,,,,,,,,,,,,,,,,,,,,,,,,
,,,,,,,,,,,,,,,,,,,,,,,,
,,,,,,,,,,,,,CIG1003,INGLÉS GENERAL III,5,"ENG2500, IAE3721, ICO8703, CI",Sección 41,CÁTEDRA INGLÉS 41,MA JU 10:00 - 11:20,DIAZ AMANDA,S-HUECHURABA,Vacantes de Carrera,CIG1003_VC41,30
,,,,,,,,,,,,,,,,,,,,,,,,
,,,,,,,,,,,,,,,,,,,,,,,,
,,,,,,,,,,,,,CIG1003,INGLÉS GENERAL III,5,"ENG2500, IAE3721, ICO8703, CI",Sección 42,CÁTEDRA INGLES 42,JU 17:25 - 18:45; LU 16:00 - 17:20,ACUÑA SYLVIA VICTORIA,S-HUECHURABA,Vacantes de Carrera,CIG1003_VC42,30
,,,,,,,,,,,,,,,,,,,,,,,,
,,,,,,,,,,,,,,,,,,,,,,,,
,,,,,,,,,,,,,CIG1003,INGLÉS GENERAL III,5,"ENG2500, IAE3721, ICO8703, CI",Sección 43,CÁTEDRA INGLES 43,LU MI 08:30 - 09:50,SALINAS MARTA AZUCENA,S-HUECHURABA,Vacantes de Carrera,CIG1003_VC43,30
,,,,,,,,,,,,,,,,,,,,,,,,
,,,,,,,,,,,,,,,,,,,,,,,,
,,,,,,,,,,,,,CIG1003,INGLÉS GENERAL III,5,"ENG2500, IAE3721, ICO8703, CI",Sección 44,CÁTEDRA INGLES 44,MA JU 08:30 - 09:50,SALINAS MARTA AZUCENA,S-HUECHURABA,Vacantes de Carrera,CIG1003_VC44,30
,,,,,,,,,,,,,,,,,,,,,,,,
,,,,,,,,,,,,,,,,,,,,,,,,
,,,,,,,,,,,,,CIG1003,INGLÉS GENERAL III,5,"ENG2500, IAE3721, ICO8703, CI",Sección 45,CÁTEDRA INGLES 45,LU MI 10:00 - 11:20,SALINAS MARTA AZUCENA,S-HUECHURABA,Vacantes de Carrera,CIG1003_VC45,30
,,,,,,,,,,,,,,,,,,,,,,,,
,,,,,,,,,,,,,,,,,,,,,,,,
,,,,,,,,,,,,,CIG1003,INGLÉS GENERAL III,5,"ENG2500, IAE3721, ICO8703, CI",Sección 46,CÁTEDRA INGLES 46,MA JU 10:00 - 11:20,SALINAS MARTA AZUCENA,S-HUECHURABA,Vacantes de Carrera,CIG1003_VC46,30
,,,,,,,,,,,,,,,,,,,,,,,,
,,,,,,,,,,,,,,,,,,,,,,,,
,,,,,,,,,,,,,CIG1003,INGLÉS GENERAL III,5,"ENG2500, IAE3721, ICO8703, CI",Sección 47,CÁTEDRA INGLES 47,MA JU 11:30 - 12:50,SALINAS MARTA AZUCENA,S-HUECHURABA,Vacantes de Carrera,CIG1003_VC47,30
,,,,,,,,,,,,,,,,,,,,,,,,
,,,,,,,,,,,,,,,,,,,,,,,,
,,,,,,,,,,,,,CIG1003,INGLÉS GENERAL III,5,"ENG2500, IAE3721, ICO8703, CI",Sección 48,CÁTEDRA INGLES 48,MA JU 11:30 - 12:50,RODRIGUEZ KARINA STEPHANIE,S-HUECHURABA,Vacantes de Carrera,CIG1003_VC48,30
,,,,,,,,,,,,,,,,,,,,,,,,
,,,,,,,,,,,,,,,,,,,,,,,,
,,,,,,,,,,,,,CIG1003,INGLÉS GENERAL III,5,"ENG2500, IAE3721, ICO8703, CI",Sección 49,CÁTEDRA INGLES 49,MA JU 14:30 - 15:50,RODRIGUEZ KARINA STEPHANIE,S-HUECHURABA,Vacantes de Carrera,CIG1003_VC49,30
,,,,,,,,,,,,,,,,,,,,,,,,
,,,,,,,,,,,,,,,,,,,,,,,,
,,,,,,,,,,,,,CIG1003,INGLÉS GENERAL III,5,"ENG2500, IAE3721, ICO8703, CI",Sección 5,CÁTEDRA INGLÉS 05,LU 10:00 - 11:20; VI 13:00 - 14:20,ACEITUNO ADOLFO ENRIQUE,S-SANTIAGO,Vacantes de Carrera,CIG1003_VC05,30
,,,,,,,,,,,,,,,,,,,,,,,,
,,,,,,,,,,,,,,,,,,,,,,,,
,,,,,,,,,,,,,CIG1003,INGLÉS GENERAL III,5,"ENG2500, IAE3721, ICO8703, CI",Sección 50,CÁTEDRA INGLÉS 50,LU MI 08:30 - 09:50,TORRES OSMAN LUCIANO,S-HUECHURABA,Vacantes de Carrera,CIG1003_VC50,30
,,,,,,,,,,,,,,,,,,,,,,,,
,,,,,,,,,,,,,,,,,,,,,,,,
,,,,,,,,,,,,,CIG1003,INGLÉS GENERAL III,5,"ENG2500, IAE3721, ICO8703, CI",Sección 51,CÁTEDRA INGLÉS 51,MA JU 08:30 - 09:50,TORRES OSMAN LUCIANO,S-HUECHURABA,Vacantes de Carrera,CIG1003_VC51,30
,,,,,,,,,,,,,,,,,,,,,,,,
,,,,,,,,,,,,,,,,,,,,,,,,
,,,,,,,,,,,,,CIG1003,INGLÉS GENERAL III,5,"ENG2500, IAE3721, ICO8703, CI",Sección 52,CÁTEDRA INGLÉS 52,LU MI 10:00 - 11:20,TORRES OSMAN LUCIANO,S-HUECHURABA,Vacantes de Carrera,CIG1003_VC52,30
,,,,,,,,,,,,,,,,,,,,,,,,
,,,,,,,,,,,,,,,,,,,,,,,,
,,,,,,,,,,,,,CIG1003,INGLÉS GENERAL III,5,"ENG2500, IAE3721, ICO8703, CI",Sección 53,CÁTEDRA INGLÉS 53,MA JU 10:00 - 11:20,TORRES OSMAN LUCIANO,S-HUECHURABA,Vacantes de Carrera,CIG1003_VC53,30
,,,,,,,,,,,,,,,,,,,,,,,,
,,,,,,,,,,,,,,,,,,,,,,,,
,,,,,,,,,,,,,CIG1003,INGLÉS GENERAL III,5,"ENG2500, IAE3721, ICO8703, CI",Sección 54,CÁTEDRA INGLÉS 54,LU MI 11:30 - 12:50,TORRES OSMAN LUCIANO,S-HUECHURABA,Vacantes de Carrera,CIG1003_VC54,30
,,,,,,,,,,,,,,,,,,,,,,,,
,,,,,,,,,,,,,,,,,,,,,,,,
,,,,,,,,,,,,,CIG1003,INGLÉS GENERAL III,5,"ENG2500, IAE3721, ICO8703, CI",Sección 55,CÁTEDRA B-LEARNING HORARIO BLOQUEADO,VI 11:30 - 14:20,DIAZ MABEL ISAURA,S-SANTIAGO,Vacantes de Carrera,CIG1003_CB55,30
,,,,,,,,,,,,,,,,,,,,,,,,
,,,,,,,,,,,,,,,,,,,,,,,,
,,,,,,,,,,,,,CIG1003,INGLÉS GENERAL III,5,"ENG2500, IAE3721, ICO8703, CI",Sección 6,CÁTEDRA INGLÉS 06,LU MI 16:00 - 17:20,MELLA ALEX AGUSTIN,S-SANTIAGO,Vacantes de Carrera,CIG1003_VC06,30
,,,,,,,,,,,,,,,,,,,,,,,,
,,,,,,,,,,,,,,,,,,,,,,,,
,,,,,,,,,,,,,CIG1003,INGLÉS GENERAL III,5,"ENG2500, IAE3721, ICO8703, CI",Sección 7,CÁTEDRA INGLÉS 07,LU MI 17:25 - 18:45,MELLA ALEX AGUSTIN,S-SANTIAGO,Vacantes de Carrera,CIG1003_VC07,30
,,,,,,,,,,,,,,,,,,,,,,,,
,,,,,,,,,,,,,,,,,,,,,,,,
,,,,,,,,,,,,,CIG1003,INGLÉS GENERAL III,5,"ENG2500, IAE3721, ICO8703, CI",Sección 8,CÁTEDRA INGLÉS 08,LU MI 18:50 - 20:10,MELLA ALEX AGUSTIN,S-SANTIAGO,Vacantes de Carrera,CIG1003_VC08,30
,,,,,,,,,,,,,,,,,,,,,,,,
,,,,,,,,,,,,,,,,,,,,,,,,
,,,,,,,,,,,,,CIG1003,INGLÉS GENERAL III,5,"ENG2500, IAE3721, ICO8703, CI",Sección 9,CÁTEDRA INGLÉS 09,MA JU 18:50 - 20:10,MELLA ALEX AGUSTIN,S-SANTIAGO,Vacantes de Carrera,CIG1003_VC09,30
,,,,,,,,,,,,,,,,,,,,,,,,
,,,,,,,,,,,,,,,,,,,,,,,,
,,,,,,,,,,,,,,,,,,,,,,,,
,,,,,,,,,,,,,CFG2318,RELACIONES DE GÉNERO Y VIOLENCIA,5,,Sección 1,CÁTEDRA DE FG01,LU 13:00 - 14:20; MI 11:30 - 12:50,PEÑA PATRICIA EUGENIA,S-SANTIAGO,Vacantes FG,CFG2318_FG01,55
,,,,,,,,,,,,,,,,,,,,,,,,
,,,,,,,,,,,,,,,,,,,,,,,,
,,,,,,,,,,,,,,,,,,,,,,,,
,,,,,,,,,,,,,UAH1094,EL EVANGELIO SEGÚN EL CINE,5,,Sección 1,CÁTEDRA FG01,JU 16:00 - 17:20,,S-ALBHURTADO,Vacantes FG,UAH1094_FG01,2
,,,,,,,,,,,,,,,,,,,,,,,,
,,,,,,,,,,,,,,,,,,,,,,,,
,,,,,,,,,,,,,,,,,,,,,,,,
,,,,,,,,,,,,,UAH1095,ASOMBRO Y CONTEMPLACIÓN,5,,Sección 1,CÁTEDRA FG01,MI 10:00 - 11:20,,S-ALBHURTADO,Vacantes FG,UAH1095_FG01,2
,,,,,,,,,,,,,,,,,,,,,,,,
,,,,,,,,,,,,,,,,,,,,,,,,
,,,,,,,,,,,,,,,,,,,,,,,,
,,,,,,,,,,,,,CFG2325,B-LEARNING DILEMAS ÉTICOS DE LAS DEMOC,5,,Sección 1,B-LEARNING FG01,SA 10:00 - 12:50,SILVA ANGELA RUTH,S-SANTIAGO,Vacantes FG,CFG2325_FG01,55
,,,,,,,,,,,,,,,,,,,,,,,,
,,,,,,,,,,,,,,,,,,,,,,,,
,,,,,,,,,,,,,,,,,,,,,,,,
,,,,,,,,,,,,,CFG2323,B-LEARNING BIOÉTICA Y SOCIEDAD ACTUAL,5,,Sección 1,B-LEARNING FG01,MA 18:50 - 21:35,CORREA ANDRES ALEJANDRO,S-SANTIAGO,Vacantes FG,CFG2323_FG01,55
,,,,,,,,,,,,,,,,,,,,,,,,
,,,,,,,,,,,,,,,,,,,,,,,,
,,,,,,,,,,,,,,,,,,,,,,,,
,,,,,,,,,,,,,CFG2322,B-LEARNING MEDIOAMBIENTE Y CIUDADANÍA,5,,Sección 1,B-LEARNING FG01,VI 16:00 - 18:45,VALDERRAMA LORENA BEATRIZ,S-SANTIAGO,Vacantes FG,CFG2322_FG01,55
,,,,,,,,,,,,,CFG2322,B-LEARNING MEDIOAMBIENTE Y CIUDADANÍA,5,,Sección 1,B-LEARNING FG01,VI 16:00 - 18:45,MEIER  STEFAN ALEXANDER,S-SANTIAGO,Vacantes FG,CFG2322_FG01,
,,,,,,,,,,,,,,,,,,,,,,,,
,,,,,,,,,,,,,,,,,,,,,,,,
,,,,,,,,,,,,,,,,,,,,,,,,
,,,,,,,,,,,,,CFG2324,B-LEARNING CINE LATINOAMERICANO,5,,Sección 1,B-LEARNING FG01,MA 16:00 - 18:45,VERGARA XIMENA ANDREA,S-SANTIAGO,Vacantes FG,CFG2324_FG01,55
,,,,,,,,,,,,,CFG2324,B-LEARNING CINE LATINOAMERICANO,5,,Sección 1,B-LEARNING FG01,MA 16:00 - 18:45,VARGAS FRANCISCA,S-SANTIAGO,Vacantes FG,CFG2324_FG01,
,,,,,,,,,,,,,,,,,,,,,,,,
,,,,,,,,,,,,,,,,,,,,,,,,
,,,,,,,,,,,,,,,,,,,,,,,,
,,,,,,,,,,,,,UAH1101,EL EVANGELIO EN ESCENA,5,,Sección 1,CÁTEDRA FG01,JU 14:30 - 17:20,,S-ALBHURTADO,Vacantes FG,UAH1101_FG01,2
,,,,,,,,,,,,,,,,,,,,,,,,
,,,,,,,,,,,,,,,,,,,,,,,,
,,,,,,,,,,,,,,,,,,,,,,,,
,,,,,,,,,,,,,CIG1014,INGLÉS GENERAL III,5,ICG3573,Sección 1,CÁTEDRA INGLÉS 01,LU MI 10:00 - 11:20,SANI QUIRIAN GRISELLI,S-SANTIAGO,Vacantes de Carrera,CIG1014_VC01,30
,,,,,,,,,,,,,,,,,,,,,,,,
,,,,,,,,,,,,,,,,,,,,,,,,
,,,,,,,,,,,,,CIG1014,INGLÉS GENERAL III,5,ICG3573,Sección 10,CÁTEDRA INGLÉS 10,LU MI 13:00 - 14:20,NEGRETE NORMA ENRIQUETA,S-SANTIAGO,Vacantes de Carrera,CIG1014_VC10,30
,,,,,,,,,,,,,,,,,,,,,,,,
,,,,,,,,,,,,,,,,,,,,,,,,
,,,,,,,,,,,,,CIG1014,INGLÉS GENERAL III,5,ICG3573,Sección 11,CÁTEDRA INGLÉS 11,LU MI 14:30 - 15:50,NEGRETE NORMA ENRIQUETA,S-SANTIAGO,Vacantes de Carrera,CIG1014_VC11,30
,,,,,,,,,,,,,,,,,,,,,,,,
,,,,,,,,,,,,,,,,,,,,,,,,
,,,,,,,,,,,,,CIG1014,INGLÉS GENERAL III,5,ICG3573,Sección 12,CÁTEDRA INGLÉS 12,LU MI 13:00 - 14:20,SCHIAPPACASSE VILMA,S-SANTIAGO,Vacantes de Carrera,CIG1014_VC12,30
,,,,,,,,,,,,,,,,,,,,,,,,
,,,,,,,,,,,,,,,,,,,,,,,,
,,,,,,,,,,,,,CIG1014,INGLÉS GENERAL III,5,ICG3573,Sección 13,CÁTEDRA INGLÉS 13,LU MI 14:30 - 15:50,SCHIAPPACASSE VILMA,S-SANTIAGO,Vacantes de Carrera,CIG1014_VC13,30
,,,,,,,,,,,,,,,,,,,,,,,,
,,,,,,,,,,,,,,,,,,,,,,,,
,,,,,,,,,,,,,CIG1014,INGLÉS GENERAL III,5,ICG3573,Sección 14,CÁTEDRA INGLES 14,MI VI 08:30 - 09:50,LUCERO VERONICA,S-SANTIAGO,Vacantes de Carrera,CIG1014_VC14,30
,,,,,,,,,,,,,,,,,,,,,,,,
,,,,,,,,,,,,,,,,,,,,,,,,
,,,,,,,,,,,,,CIG1014,INGLÉS GENERAL III,5,ICG3573,Sección 15,CÁTEDRA INGLES 15,MI VI 10:00 - 11:20,LUCERO VERONICA,S-SANTIAGO,Vacantes de Carrera,CIG1014_VC15,30
,,,,,,,,,,,,,,,,,,,,,,,,
,,,,,,,,,,,,,,,,,,,,,,,,
,,,,,,,,,,,,,CIG1014,INGLÉS GENERAL III,5,ICG3573,Sección 16,CÁTEDRA INGLES 16,MI VI 11:30 - 12:50,LUCERO VERONICA,S-SANTIAGO,Vacantes de Carrera,CIG1014_VC16,30
,,,,,,,,,,,,,,,,,,,,,,,,
,,,,,,,,,,,,,,,,,,,,,,,,
,,,,,,,,,,,,,CIG1014,INGLÉS GENERAL III,5,ICG3573,Sección 17,CÁTEDRA INGLES 17,LU MI 14:30 - 15:50,POBLETE JAVIERA FRANCISCA,S-SANTIAGO,Vacantes de Carrera,CIG1014_VC17,30
,,,,,,,,,,,,,,,,,,,,,,,,
,,,,,,,,,,,,,,,,,,,,,,,,
,,,,,,,,,,,,,CIG1014,INGLÉS GENERAL III,5,ICG3573,Sección 18,CÁTEDRA INGLES 18,LU MI 16:00 - 17:20,POBLETE JAVIERA FRANCISCA,S-SANTIAGO,Vacantes de Carrera,CIG1014_VC18,30
,,,,,,,,,,,,,,,,,,,,,,,,
,,,,,,,,,,,,,,,,,,,,,,,,
,,,,,,,,,,,,,CIG1014,INGLÉS GENERAL III,5,ICG3573,Sección 19,CÁTEDRA INGLES 19,LU MI 11:30 - 12:50,CUITIÑO JOCELYN,S-SANTIAGO,Vacantes de Carrera,CIG1014_VC19,30
,,,,,,,,,,,,,,,,,,,,,,,,
,,,,,,,,,,,,,,,,,,,,,,,,
,,,,,,,,,,,,,CIG1014,INGLÉS GENERAL III,5,ICG3573,Sección 2,CÁTEDRA INGLÉS 02,LU MI 11:30 - 12:50,SANI QUIRIAN GRISELLI,S-SANTIAGO,Vacantes de Carrera,CIG1014_VC02,30
,,,,,,,,,,,,,,,,,,,,,,,,
,,,,,,,,,,,,,,,,,,,,,,,,
,,,,,,,,,,,,,CIG1014,INGLÉS GENERAL III,5,ICG3573,Sección 20,CÁTEDRA INGLES 20,MI VI 11:30 - 12:50,MOYANO NATALY DEL SOL,S-SANTIAGO,Vacantes de Carrera,CIG1014_VC20,30
,,,,,,,,,,,,,,,,,,,,,,,,
,,,,,,,,,,,,,,,,,,,,,,,,
,,,,,,,,,,,,,CIG1014,INGLÉS GENERAL III,5,ICG3573,Sección 21,CÁTEDRA INGLES 21,LU MI 13:00 - 14:20,CUITIÑO JOCELYN,S-SANTIAGO,Vacantes de Carrera,CIG1014_VC21,30
,,,,,,,,,,,,,,,,,,,,,,,,
,,,,,,,,,,,,,,,,,,,,,,,,
,,,,,,,,,,,,,CIG1014,INGLÉS GENERAL III,5,ICG3573,Sección 22,CÁTEDRA INGLES 22,MI JU 08:30 - 09:50,RAMIREZ PAMELA,S-SANTIAGO,Vacantes de Carrera,CIG1014_VC22,30
,,,,,,,,,,,,,,,,,,,,,,,,
,,,,,,,,,,,,,,,,,,,,,,,,
,,,,,,,,,,,,,CIG1014,INGLÉS GENERAL III,5,ICG3573,Sección 23,CÁTEDRA INGLES 23,MI VI 13:00 - 14:20,,S-SANTIAGO,Vacantes de Carrera,CIG1014_VC23,30
,,,,,,,,,,,,,,,,,,,,,,,,
,,,,,,,,,,,,,,,,,,,,,,,,
,,,,,,,,,,,,,CIG1014,INGLÉS GENERAL III,5,ICG3573,Sección 24,CÁTEDRA INGLÉS,MA JU 10:00 - 11:20,RODRIGUEZ KARINA STEPHANIE,S-HUECHURABA,Vacantes de Carrera,CIG1014_VC24,30
,,,,,,,,,,,,,,,,,,,,,,,,
,,,,,,,,,,,,,,,,,,,,,,,,
,,,,,,,,,,,,,CIG1014,INGLÉS GENERAL III,5,ICG3573,Sección 25,CÁTEDRA B-LEARNING HORARIO BLOQUEADO,MI 10:00 - 12:50,PALOMINOS MARCELA CATALINA,S-SANTIAGO,Vacantes de Carrera,CIG1014_CB25,30
,,,,,,,,,,,,,,,,,,,,,,,,
,,,,,,,,,,,,,,,,,,,,,,,,
,,,,,,,,,,,,,CIG1014,INGLÉS GENERAL III,5,ICG3573,Sección 3,CÁTEDRA INGLÉS 03,LU MI 13:00 - 14:20,SANI QUIRIAN GRISELLI,S-SANTIAGO,Vacantes de Carrera,CIG1014_VC03,30
,,,,,,,,,,,,,,,,,,,,,,,,
,,,,,,,,,,,,,,,,,,,,,,,,
,,,,,,,,,,,,,CIG1014,INGLÉS GENERAL III,5,ICG3573,Sección 4,CÁTEDRA INGLÉS 04,MA JU 16:00 - 17:20,SANI QUIRIAN GRISELLI,S-SANTIAGO,Vacantes de Carrera,CIG1014_VC04,30
,,,,,,,,,,,,,,,,,,,,,,,,
,,,,,,,,,,,,,,,,,,,,,,,,
,,,,,,,,,,,,,CIG1014,INGLÉS GENERAL III,5,ICG3573,Sección 5,CÁTEDRA INGLÉS 05,MA JU 17:25 - 18:45,SANI QUIRIAN GRISELLI,S-SANTIAGO,Vacantes de Carrera,CIG1014_VC05,30
,,,,,,,,,,,,,,,,,,,,,,,,
,,,,,,,,,,,,,,,,,,,,,,,,
,,,,,,,,,,,,,CIG1014,INGLÉS GENERAL III,5,ICG3573,Sección 6,CÁTEDRA INGLÉS 06,MA JU 10:00 - 11:20,NORAMBUENA CAROLINA ANGELICA,S-SANTIAGO,Vacantes de Carrera,CIG1014_VC06,30
,,,,,,,,,,,,,,,,,,,,,,,,
,,,,,,,,,,,,,,,,,,,,,,,,
,,,,,,,,,,,,,CIG1014,INGLÉS GENERAL III,5,ICG3573,Sección 7,CÁTEDRA INGLÉS 07,MA JU 11:30 - 12:50,NORAMBUENA CAROLINA ANGELICA,S-SANTIAGO,Vacantes de Carrera,CIG1014_VC07,30
,,,,,,,,,,,,,,,,,,,,,,,,
,,,,,,,,,,,,,,,,,,,,,,,,
,,,,,,,,,,,,,CIG1014,INGLÉS GENERAL III,5,ICG3573,Sección 8,CÁTEDRA INGLÉS 08,MA JU 14:30 - 15:50,NORAMBUENA CAROLINA ANGELICA,S-SANTIAGO,Vacantes de Carrera,CIG1014_VC08,30
,,,,,,,,,,,,,,,,,,,,,,,,
,,,,,,,,,,,,,,,,,,,,,,,,
,,,,,,,,,,,,,CIG1014,INGLÉS GENERAL III,5,ICG3573,Sección 9,CÁTEDRA INGLÉS 09,MA JU 16:00 - 17:20,NORAMBUENA CAROLINA ANGELICA,S-SANTIAGO,Vacantes de Carrera,CIG1014_VC09,30
,,,,,,,,,,,,,,,,,,,,,,,,
,,,,,,,,,,,,,,,,,,,,,,,,
,,,,,,,,,,,,,,,,,,,,,,,,
,,,,,,,,,,,,,CFG2331,LAS SUSTANCIAS PSICOACTIVAS (DROGAS),5,,Sección 1,CÁTEDRA DE FG01,MA JU 11:30 - 12:50,PEÑA PATRICIA EUGENIA,S-HUECHURABA,Vacantes FG,CFG2331_FG01,45
,,,,,,,,,,,,,,,,,,,,,,,,
,,,,,,,,,,,,,,,,,,,,,,,,
,,,,,,,,,,,,,,,,,,,,,,,,
,,,,,,,,,,,,,CFG2335,PSICOANÁLISIS Y CRIMINOLOGÍA,5,,Sección 1,B-LEARNING FG01,MI JU 17:25 - 18:45,ALVEAR KATHERINE,S-SANTIAGO,Vacantes FG,CFG2335_FG01,55
,,,,,,,,,,,,,,,,,,,,,,,,
,,,,,,,,,,,,,,,,,,,,,,,,
,,,,,,,,,,,,,,,,,,,,,,,,
,,,,,,,,,,,,,CFG2336,EL PODER CONTRA EL CINE DEL CUERPO,5,,Sección 1,CÁTEDRA DE FG01,LU 10:00 - 12:50,SANCHEZ LUIS CRISTIAN,S-SANTIAGO,Vacantes FG,CFG2336_FG01,55
,,,,,,,,,,,,,CFG2336,EL PODER CONTRA EL CINE DEL CUERPO,5,,Sección 1,CÁTEDRA DE FG01,LU 10:00 - 12:50,SOTO DIEGO ALONSO,S-SANTIAGO,Vacantes FG,CFG2336_FG01,
,,,,,,,,,,,,,,,,,,,,,,,,
,,,,,,,,,,,,,,,,,,,,,,,,
,,,,,,,,,,,,,,,,,,,,,,,,
,,,,,,,,,,,,,CFG2339,ESCRITURA ACADÉMICA,5,,Sección 1,B-LEARNING FG01,VI 08:30 - 11:20,PUGA JUANA,S-SANTIAGO,Vacantes FG,CFG2339_FG01,55
,,,,,,,,,,,,,,,,,,,,,,,,
,,,,,,,,,,,,,,,,,,,,,,,,
,,,,,,,,,,,,,,,,,,,,,,,,
,,,,,,,,,,,,,CFG2341,"PSICOLOGÍA, CINE Y NEUROCIENCIA",5,,Sección 1,CÁTEDRA DE FG01,MI 14:30 - 17:20,LAVIN CLAUDIO SEBASTIAN,S-SANTIAGO,Vacantes FG,CFG2341_FG01,55
,,,,,,,,,,,,,CFG2341,"PSICOLOGÍA, CINE Y NEUROCIENCIA",5,,Sección 1,CÁTEDRA DE FG01,MI 14:30 - 17:20,MARTIN ANTONIA,S-SANTIAGO,Vacantes FG,CFG2341_FG01,
,,,,,,,,,,,,,,,,,,,,,,,,
,,,,,,,,,,,,,,,,,,,,,,,,
,,,,,,,,,,,,,,,,,,,,,,,,
,,,,,,,,,,,,,CFG2343,FOTOGRAFÍA Y MEMORIA,5,,Sección 1,B-LEARNING FG01,MA 16:00 - 18:45,CIFUENTES MARIA ANGELA,S-SANTIAGO,Vacantes FG,CFG2343_FG01,55
,,,,,,,,,,,,,,,,,,,,,,,,
,,,,,,,,,,,,,,,,,,,,,,,,
,,,,,,,,,,,,,,,,,,,,,,,,
,,,,,,,,,,,,,CFG2347,"ACCIÓN, INTENCIÓN Y SUS EFECTOS",5,,Sección 1,CÁTEDRA DE FG01,MA MI 16:00 - 17:20,ORMEÑO JUAN ANTONIO,S-SANTIAGO,Vacantes FG,CFG2347_FG01,55
,,,,,,,,,,,,,,,,,,,,,,,,
,,,,,,,,,,,,,,,,,,,,,,,,
,,,,,,,,,,,,,,,,,,,,,,,,
,,,,,,,,,,,,,CFG2350,"CULTURA Y NEGOCIOS EN ASIA: CHINA, COREA",5,,Sección 1,CÁTEDRA DE FG01,MA JU 08:30 - 09:50,SILVA SANDRA ISABEL,S-HUECHURABA,Vacantes FG,CFG2350_FG01,1
,,,,,,,,,,,,,CFG2350,"CULTURA Y NEGOCIOS EN ASIA: CHINA, COREA",5,,Sección 1,CÁTEDRA DE FG01,MA JU 08:30 - 09:50,NEGHME VERONICA IRIS,S-HUECHURABA,Vacantes FG,CFG2350_FG01,
,,,,,,,,,,,,,,,,,,,,,,,,
,,,,,,,,,,,,,,,,,,,,,,,,
,,,,,,,,,,,,,,,,,,,,,,,,
,,,,,,,,,,,,,UAH1106,EXISTENCIA HUMANA Y BÚSQUEDA DE SENTIDO,5,,Sección 1,CÁTEDRA FG01,MI 08:30 - 09:50,,S-ALBHURTADO,Vacantes FG,UAH1106_FG01,2
,,,,,,,,,,,,,,,,,,,,,,,,
,,,,,,,,,,,,,,,,,,,,,,,,
,,,,,,,,,,,,,,,,,,,,,,,,
,,,,,,,,,,,,,CFG2352,MUJER Y PENSAMIENTO,5,,Sección 1,CÁTEDRA DE FG01,MI VI 13:00 - 14:20,SANHUEZA MARIA SOLEDAD,S-SANTIAGO,Vacantes FG,CFG2352_FG01,55
,,,,,,,,,,,,,,,,,,,,,,,,
,,,,,,,,,,,,,,,,,,,,,,,,
,,,,,,,,,,,,,,,,,,,,,,,,
,,,,,,,,,,,,,CFG2354,B-LEARNING GUERRA FRÍA Y SOCIEDAD ACTUAL,5,,Sección 1,B-LEARNING FG01,MA 17:25 - 20:10,NAVARRO VALERIA SONIA EVA,S-SANTIAGO,Vacantes FG,CFG2354_FG,55
,,,,,,,,,,,,,CFG2354,B-LEARNING GUERRA FRÍA Y SOCIEDAD ACTUAL,5,,Sección 1,B-LEARNING FG01,MA 17:25 - 20:10,MEDINA IVÁN ANDRÉS,S-SANTIAGO,Vacantes FG,CFG2354_FG,
,,,,,,,,,,,,,,,,,,,,,,,,
,,,,,,,,,,,,,,,,,,,,,,,,
,,,,,,,,,,,,,,,,,,,,,,,,
,,,,,,,,,,,,,CFG2355,B-LEARNING ARTE Y MEMORIA EN AMÉRICA LAT,5,,Sección 1,B-LEARNING FG01,LU 17:25 - 20:10,GALLARDO MILENA SUSANA,S-SANTIAGO,Vacantes FG,CFG2355_FG01,55
,,,,,,,,,,,,,CFG2355,B-LEARNING ARTE Y MEMORIA EN AMÉRICA LAT,5,,Sección 1,B-LEARNING FG01,LU 17:25 - 20:10,LOPEZ ANA PAOLA,S-SANTIAGO,Vacantes FG,CFG2355_FG01,
,,,,,,,,,,,,,,,,,,,,,,,,
,,,,,,,,,,,,,,,,,,,,,,,,
,,,,,,,,,,,,,,,,,,,,,,,,
,,,,,,,,,,,,,CFG2353,B-LEARNING MIGRACIONES Y DIVERSIDAD CULT,5,,Sección 1,B-LEARNING FG01,VI 11:30 - 14:20,AGAR LORENZO RENE,S-SANTIAGO,Vacantes FG,CFG2353_FG01,55
,,,,,,,,,,,,,,,,,,,,,,,,
,,,,,,,,,,,,,,,,,,,,,,,,
,,,,,,,,,,,,,,,,,,,,,,,,
,,,,,,,,,,,,,CFG2358,ESCRITORAS NORTEAMERICANAS,5,,Sección 1,B-LEARNING FG01,MA 11:30 - 14:20,ABALO BERNARDITA MARIA MILAGROS,S-SANTIAGO,Vacantes FG,CFG2358_FG01,55
,,,,,,,,,,,,,,,,,,,,,,,,
,,,,,,,,,,,,,,,,,,,,,,,,
,,,,,,,,,,,,,,,,,,,,,,,,
,,,,,,,,,,,,,CFG2365,PROBLEMAS ÉTICOS-JURÍDICOS,5,,Sección 1,CÁTEDRA DE FG01,MA JU 14:30 - 15:50,TAPIA PATRICIO LORENZO,S-SANTIAGO,Vacantes FG,CFG2365_FG01,55
,,,,,,,,,,,,,,,,,,,,,,,,
,,,,,,,,,,,,,,,,,,,,,,,,
,,,,,,,,,,,,,,,,,,,,,,,,
,,,,,,,,,,,,,CFG2368,FEMINISMO DIVERSOS Y DISIDENCIAS SEXUALE,5,,Sección 1,CÁTEDRA DE FG01,JU 11:30 - 14:20,GILLMORE MARÍA GRACIA,S-SANTIAGO,Vacantes FG,CFG2368_FG01,55
,,,,,,,,,,,,,CFG2368,FEMINISMO DIVERSOS Y DISIDENCIAS SEXUALE,5,,Sección 1,CÁTEDRA DE FG01,JU 11:30 - 14:20,DURAND MARIA TERESA,S-SANTIAGO,Vacantes FG,CFG2368_FG01,
,,,,,,,,,,,,,,,,,,,,,,,,
,,,,,,,,,,,,,,,,,,,,,,,,
,,,,,,,,,,,,,,,,,,,,,,,,
,,,,,,,,,,,,,CFG2369,VARONES HEGEMÓNICOS: MASCULINIDADES Y PA,5,,Sección 1,CÁTEDRA DE FG01,MI 16:00 - 18:45,ZENTENO ANDRÉS RAÚL,S-SANTIAGO,Vacantes FG,CFG2369_FG01,55
,,,,,,,,,,,,,CFG2369,VARONES HEGEMÓNICOS: MASCULINIDADES Y PA,5,,Sección 1,CÁTEDRA DE FG01,MI 16:00 - 18:45,DURAND MARIA TERESA,S-SANTIAGO,Vacantes FG,CFG2369_FG01,
,,,,,,,,,,,,,,,,,,,,,,,,
,,,,,,,,,,,,,,,,,,,,,,,,
,,,,,,,,,,,,,,,,,,,,,,,,
,,,,,,,,,,,,,UAH1118,LA IGLESIA Y LOS ORÍGENES CRISTIANOS,5,,Sección 1,CÁTEDRA FG01,JU 17:25 - 18:45,,S-ALBHURTADO,Vacantes FG,UAH1118_FG01,2
,,,,,,,,,,,,,,,,,,,,,,,,
,,,,,,,,,,,,,,,,,,,,,,,,
,,,,,,,,,,,,,,,,,,,,,,,,
,,,,,,,,,,,,,CFG2374,MOVIMIENTOS DE DDHH EN EL CONO SUR,5,,Sección 1,CÁTEDRA DE FG01,LU VI 11:30 - 12:50,GALLARDO MILENA SUSANA,S-SANTIAGO,Vacantes FG,CFG2374_FG01,55
,,,,,,,,,,,,,,,,,,,,,,,,
,,,,,,,,,,,,,,,,,,,,,,,,
,,,,,,,,,,,,,,,,,,,,,,,,
,,,,,,,,,,,,,CFG2378,B-LEARNING BLACK POWER,5,,Sección 1,B-LEARNING FG01,MA 16:00 - 18:45,BENITEZ FRANCISCA VALENTINA,S-SANTIAGO,Vacantes FG,CFG2378_FG01,55
,,,,,,,,,,,,,CFG2378,B-LEARNING BLACK POWER,5,,Sección 1,B-LEARNING FG01,MA 16:00 - 18:45,VICUÑA MANUEL JOSE,S-SANTIAGO,Vacantes FG,CFG2378_FG01,
,,,,,,,,,,,,,,,,,,,,,,,,
,,,,,,,,,,,,,,,,,,,,,,,,
,,,,,,,,,,,,,,,,,,,,,,,,
,,,,,,,,,,,,,UAH1121,TEOLOGÍA DEL TRABAJO,5,,Sección 1,CÁTEDRA FG01,MA JU 08:30 - 09:50,,S-ALBHURTADO,Vacantes FG,UAH1121_FG01,2
,,,,,,,,,,,,,,,,,,,,,,,,
,,,,,,,,,,,,,,,,,,,,,,,,
,,,,,,,,,,,,,,,,,,,,,,,,
,,,,,,,,,,,,,CFG2380,HISTORIA LGBTI DE CHILE,5,,Sección 1,CÁTEDRA DE FG01,MA JU 16:00 - 17:20,BARRIENTOS CLAUDIO JAVIER,S-SANTIAGO,Vacantes FG,CFG2380_FG01,55
,,,,,,,,,,,,,CFG2380,HISTORIA LGBTI DE CHILE,5,,Sección 1,CÁTEDRA DE FG01,MA JU 16:00 - 17:20,FUENZALIDA ALEJANDRA,S-SANTIAGO,Vacantes FG,CFG2380_FG01,
,,,,,,,,,,,,,,,,,,,,,,,,
,,,,,,,,,,,,,,,,,,,,,,,,
,,,,,,,,,,,,,,,,,,,,,,,,
,,,,,,,,,,,,,CFG2383,CIENCIA Y SOCIEDAD,5,,Sección 1,CÁTEDRA DE FG01,LU MI 14:30 - 15:50,BUSTA CRISTIAN ANDRÉS,S-SANTIAGO,Vacantes FG,CFG2383_FG01,55
,,,,,,,,,,,,,,,,,,,,,,,,
,,,,,,,,,,,,,,,,,,,,,,,,
,,,,,,,,,,,,,,,,,,,,,,,,
,,,,,,,,,,,,,CFG2384,B-LEARNING EDUC EN EL MUNDO CONTEMP,5,,Sección 1,B-LEARNING FG01,MA 10:00 - 12:50,BRUNNER JOSE JOAQUIN,S-SANTIAGO,Vacantes FG,CFG2384_FG01,55
,,,,,,,,,,,,,CFG2384,B-LEARNING EDUC EN EL MUNDO CONTEMP,5,,Sección 1,B-LEARNING FG01,MA 10:00 - 12:50,VALENZUELA MARIA JOSE,S-SANTIAGO,Vacantes FG,CFG2384_FG01,
,,,,,,,,,,,,,,,,,,,,,,,,
,,,,,,,,,,,,,,,,,,,,,,,,
,,,,,,,,,,,,,,,,,,,,,,,,
,,,,,,,,,,,,,CFG2385,¿QUÉ SE CUENTA EN LATINOAMÉRICA HOY?,5,,Sección 1,CÁTEDRA DE FG01,MA VI 11:30 - 12:50,ZUBICUETA VALENTINA ANDREA,S-SANTIAGO,Vacantes FG,CFG2385_FG01,55
,,,,,,,,,,,,,CFG2385,¿QUÉ SE CUENTA EN LATINOAMÉRICA HOY?,5,,Sección 1,CÁTEDRA DE FG01,MA VI 11:30 - 12:50,MÜLLER BRENDA,S-SANTIAGO,Vacantes FG,CFG2385_FG01,
,,,,,,,,,,,,,,,,,,,,,,,,
,,,,,,,,,,,,,,,,,,,,,,,,
,,,,,,,,,,,,,,,,,,,,,,,,
,,,,,,,,,,,,,CFG2387,ASTRONOMIA GENERAL,5,,Sección 1,CÁTEDRA DE FG01,JU VI 16:00 - 17:20,RICCI CLAUDIO,S-SANTIAGO,Vacantes FG,CFG2387_FG01,55
,,,,,,,,,,,,,,,,,,,,,,,,
,,,,,,,,,,,,,,,,,,,,,,,,
,,,,,,,,,,,,,,,,,,,,,,,,
,,,,,,,,,,,,,CFG2390,NEUROCIENCIA Y LA ERA DIGITAL,5,,Sección 1,CÁTEDRA DE FG01,MA JU 16:00 - 17:20,LOYOLA SEBASTIÁN,S-HUECHURABA,Vacantes FG,CFG2390_FG01,45
,,,,,,,,,,,,,,,,,,,,,,,,
,,,,,,,,,,,,,,,,,,,,,,,,
,,,,,,,,,,,,,,,,,,,,,,,,
,,,,,,,,,,,,,UAH1122,HISTORIA HETERODOXA DEL CRISTIANISMO,5,,Sección 1,CÁTEDRA FG01,VI 10:00 - 11:20,,S-ALBHURTADO,Vacantes FG,UAH1122_FG01,2
,,,,,,,,,,,,,,,,,,,,,,,,
,,,,,,,,,,,,,,,,,,,,,,,,
,,,,,,,,,,,,,,,,,,,,,,,,
,,,,,,,,,,,,,UAH1127,"RELIGIOSIDAD, ARTES Y FESTIVIDAD",5,,Sección 1,CÁTEDRA FG01,MA 13:00 - 14:20,,S-ALBHURTADO,Vacantes FG,UAH1127_FG01,2
,,,,,,,,,,,,,,,,,,,,,,,,
,,,,,,,,,,,,,,,,,,,,,,,,
,,,,,,,,,,,,,,,,,,,,,,,,
,,,,,,,,,,,,,UAH1128,"MEDIO AMBIENTE, FRATERNIDAD E IGLESIA",5,,Sección 1,CÁTEDRA FG01,LU 16:00 - 17:20,,S-ALBHURTADO,Vacantes FG,UAH1128_FG01,2
,,,,,,,,,,,,,,,,,,,,,,,,
,,,,,,,,,,,,,,,,,,,,,,,,
,,,,,,,,,,,,,,,,,,,,,,,,
,,,,,,,,,,,,,UAH1129,TOTALITARISMO DEMOCRACIA Y ENSEÑANZA,5,,Sección 1,CÁTEDRA FG01,LU MI 13:00 - 14:20,,S-ALBHURTADO,Vacantes FG,UAH1129_FG01,2
,,,,,,,,,,,,,,,,,,,,,,,,
,,,,,,,,,,,,,,,,,,,,,,,,
,,,,,,,,,,,,,,,,,,,,,,,,
,,,,,,,,,,,,,UAH1132,MOVILIDAD HUMANA Y MIGRACIÓN,5,,Sección 1,CÁTEDRA FG01,LU 16:00 - 18:45,,S-ALBHURTADO,Vacantes FG,UAH1132_FG01,2
,,,,,,,,,,,,,,,,,,,,,,,,
,,,,,,,,,,,,,,,,,,,,,,,,
,,,,,,,,,,,,,,,,,,,,,,,,
,,,,,,,,,,,,,UAH1133,TEOLOGÍA Y SISTEMA CARCELARIO CHILENO,5,,Sección 1,CÁTEDRA FG01,MA 17:25 - 18:45,,S-ALBHURTADO,Vacantes FG,UAH1133_FG01,2
,,,,,,,,,,,,,,,,,,,,,,,,
,,,,,,,,,,,,,,,,,,,,,,,,
,,,,,,,,,,,,,,,,,,,,,,,,
,,,,,,,,,,,,,CFG2394,"TRANSHUMANISMO, DIGNIDIDAD Y DDHH",5,,Sección 1,CÁTEDRA DE FG01,JU 16:00 - 17:20; MA 17:25 - 18:45,MORALES PAULINA,S-SANTIAGO,Vacantes FG,CFG2394_FG01,55
,,,,,,,,,,,,,,,,,,,,,,,,
,,,,,,,,,,,,,,,,,,,,,,,,
,,,,,,,,,,,,,,,,,,,,,,,,
,,,,,,,,,,,,,CFG2397,MEMORIA EN AMÉRICA LATINA,5,,Sección 1,CÁTEDRA DE FG01,MA VI 10:00 - 11:20,GALLARDO MILENA SUSANA,S-SANTIAGO,Vacantes FG,CFG2397_FG01,55
,,,,,,,,,,,,,,,,,,,,,,,,
,,,,,,,,,,,,,,,,,,,,,,,,
,,,,,,,,,,,,,,,,,,,,,,,,
,,,,,,,,,,,,,CFG5013,INDIGENOUS POPULATION IN CHILE,5,,Sección 1,CÁTEDRA FG01,JU 10:00 - 12:50,ROSSI ALEJANDRO,S-SANTIAGO,Vacantes FG,CFG5013_FG01,30
,,,,,,,,,,,,,,,,,,,,,,,,
,,,,,,,,,,,,,,,,,,,,,,,,
,,,,,,,,,,,,,,,,,,,,,,,,
,,,,,,,,,,,,,CFG5014,ENVIRONMENT AND SUSTAINABLE DEVELOPMENT,5,,Sección 1,CÁTEDRA FG01,MI 17:25 - 18:45; VI 13:00 - 14:20,GONZALEZ CLAUDIA ANDREA,S-SANTIAGO,Vacantes FG,CFG5014_FG01,30
,,,,,,,,,,,,,,,,,,,,,,,,
,,,,,,,,,,,,,,,,,,,,,,,,
,,,,,,,,,,,,,,,,,,,,,,,,
,,,,,,,,,,,,,CFG5012,DOING BUSINESS IN LATIN AMERICA,5,,Sección 1,CÁTEDRA FG01,MI 08:30 - 11:20,RAMIREZ GUILLERMO,S-HUECHURABA,Vacantes FG,CFG5012_FG01,35
,,,,,,,,,,,,,,,,,,,,,,,,
,,,,,,,,,,,,,,,,,,,,,,,,
,,,,,,,,,,,,,,,,,,,,,,,,
,,,,,,,,,,,,,UAH1138,DISCENIMIENTO ETICOS ACTUALES,5,,Sección 1,CÁTEDRA FG01,LU 11:30 - 12:50,,S-ALBHURTADO,Vacantes FG,UAH1138_FG01,2
,,,,,,,,,,,,,,,,,,,,,,,,
,,,,,,,,,,,,,,,,,,,,,,,,
,,,,,,,,,,,,,,,,,,,,,,,,
,,,,,,,,,,,,,UAH1135,TEOLOGIA Y DESAFIOS CULTURALES,5,,Sección 1,CÁTEDRA FG01,LU VI 08:30 - 09:50,,S-ALBHURTADO,Vacantes FG,UAH1135_FG01,2
,,,,,,,,,,,,,,,,,,,,,,,,
,,,,,,,,,,,,,,,,,,,,,,,,
,,,,,,,,,,,,,,,,,,,,,,,,
,,,,,,,,,,,,,UAH1136,CRISIS DE LA IGLESIA,5,,Sección 1,CÁTEDRA FG01,MA 08:30 - 09:50,,S-ALBHURTADO,Vacantes FG,UAH1136_FG01,2
,,,,,,,,,,,,,,,,,,,,,,,,
,,,,,,,,,,,,,,,,,,,,,,,,
,,,,,,,,,,,,,,,,,,,,,,,,
,,,,,,,,,,,,,UAH1137,LA PERSONA EN EL CORAZON DEL DESARROLLO,5,,Sección 1,CÁTEDRA FG01,VI 08:30 - 09:50,,S-ALBHURTADO,Vacantes FG,UAH1137_FG01,2
,,,,,,,,,,,,,,,,,,,,,,,,
,,,,,,,,,,,,,,,,,,,,,,,,
,,,,,,,,,,,,,,,,,,,,,,,,
,,,,,,,,,,,,,UAH1139,HISTORIA DEL ARTE CRISTIANO,5,,Sección 1,CÁTEDRA FG01,VI 11:30 - 12:50,,S-ALBHURTADO,Vacantes FG,UAH1139_FG01,2
,,,,,,,,,,,,,,,,,,,,,,,,
,,,,,,,,,,,,,,,,,,,,,,,,
,,,,,,,,,,,,,,,,,,,,,,,,
,,,,,,,,,,,,,UAH1140,"FEMINISMO, DERRECHO MUJER Y REFLEXIONES",5,,Sección 1,CÁTEDRA FG01,LU 13:00 - 15:50,,S-ALBHURTADO,Vacantes FG,UAH1140_FG01,2
,,,,,,,,,,,,,,,,,,,,,,,,
,,,,,,,,,,,,,,,,,,,,,,,,
,,,,,,,,,,,,,,,,,,,,,,,,
,,,,,,,,,,,,,UAH1141,DERECHOS HUMANOS E IGLESIA EN CHILE,5,,Sección 1,CÁTEDRA FG01,MI 14:30 - 15:50,,S-ALBHURTADO,Vacantes FG,UAH1141_FG01,2
,,,,,,,,,,,,,,,,,,,,,,,,
,,,,,,,,,,,,,,,,,,,,,,,,
,,,,,,,,,,,,,,,,,,,,,,,,
,,,,,,,,,,,,,UAH1142,BUEN VIVIR/CIENCIA/FE,5,,Sección 1,CÁTEDRA FG01,VI 14:30 - 15:50,,S-ALBHURTADO,Vacantes FG,UAH1142_FG01,2
,,,,,,,,,,,,,,,,,,,,,,,,
,,,,,,,,,,,,,,,,,,,,,,,,
,,,,,,,,,,,,,,,,,,,,,,,,
,,,,,,,,,,,,,UAH1143,RELIGIÓN EN LA SOCIEDAD CONTEMPORÁNEA,5,,Sección 1,CÁTEDRA FG01,MA 14:30 - 15:50,,S-ALBHURTADO,Vacantes FG,UAH1143_FG01,2
,,,,,,,,,,,,,,,,,,,,,,,,
,,,,,,,,,,,,,,,,,,,,,,,,
,,,,,,,,,,,,,,,,,,,,,,,,
,,,,,,,,,,,,,UAH1144,LAS BASES DEL DIÁLOGO INTERRELIGIOSO,5,,Sección 1,CÁTEDRA FG01,LU 14:30 - 17:20,,S-ALBHURTADO,Vacantes FG,UAH114_FG01,2
,,,,,,,,,,,,,,,,,,,,,,,,
,,,,,,,,,,,,,,,,,,,,,,,,
,,,,,,,,,,,,,,,,,,,,,,,,
,,,,,,,,,,,,,UAH1145,VIDA EN VIÑETAS,5,,Sección 1,CÁTEDRA FG01,VI 08:30 - 11:20,,S-ALBHURTADO,Vacantes FG,UAH1145_FG01,2
,,,,,,,,,,,,,,,,,,,,,,,,
,,,,,,,,,,,,,,,,,,,,,,,,
,,,,,,,,,,,,,,,,,,,,,,,,
,,,,,,,,,,,,,UAH1147,LA IGLESIA ANTE EL NACIONALSOCIALISMO AL,5,,Sección 1,CÁTEDRA FG01,MA 16:00 - 17:20,,S-ALBHURTADO,Vacantes FG,UAH1147_FG01,2
,,,,,,,,,,,,,,,,,,,,,,,,
,,,,,,,,,,,,,,,,,,,,,,,,
,,,,,,,,,,,,,,,,,,,,,,,,
,,,,,,,,,,,,,UAH1151,INDAGANDO LOS MARGENES DEL FUTURO,5,,Sección 1,CÁTEDRA FG01,LU 11:30 - 12:50,,S-ALBHURTADO,Vacantes FG,UAH1151_FG01,2
,,,,,,,,,,,,,,,,,,,,,,,,
,,,,,,,,,,,,,,,,,,,,,,,,
,,,,,,,,,,,,,,,,,,,,,,,,
,,,,,,,,,,,,,UAH1153,CONTRIBUCIÓN DEL JUDAISMO Y MUNDO ACTUAL,5,,Sección 1,CÁTEDRA FG01,LU 17:25 - 18:45,,S-ALBHURTADO,Vacantes FG,UAH1153_FG01,2
,,,,,,,,,,,,,,,,,,,,,,,,
,,,,,,,,,,,,,,,,,,,,,,,,
,,,,,,,,,,,,,,,,,,,,,,,,
,,,,,,,,,,,,,CFG5021,EXPLORING THE SOLAR SYSTEM AND BEYOND,5,,Sección 1,B-LEARNING 01,VI 10:00 - 12:50,YANG BIN,S-SANTIAGO,Vacantes FG,CFG5021_CB01,30
,,,,,,,,,,,,,,,,,,,,,,,,
,,,,,,,,,,,,,,,,,,,,,,,,
,,,,,,,,,,,,,,,,,,,,,,,,
,,,,,,,,,,,,,CFG5023,PATRIMONIO EN TENSIÓN,5,,Sección 1,CÁTEDRA 01,MA 11:30 - 14:20,VERGARA XIMENA ANDREA,S-SANTIAGO,Vacantes FG,CFG5023_FG01,55
,,,,,,,,,,,,,,,,,,,,,,,,
,,,,,,,,,,,,,,,,,,,,,,,,
,,,,,,,,,,,,,,,,,,,,,,,,
,,,,,,,,,,,,,CFG5022,GENOMA:LA NUEVA ERA SELECCIÓN GENÉTICA,5,,Sección 1,CÁTEDRA 01,MI JU 16:00 - 17:20,AEDO GERALDINE DEL CARMEN,S-HUECHURABA,Vacantes FG,CFG5022_FG01,45
,,,,,,,,,,,,,,,,,,,,,,,,
,,,,,,,,,,,,,,,,,,,,,,,,
,,,,,,,,,,,,,,,,,,,,,,,,
,,,,,,,,,,,,,CFG5024,ESCRITURA ARTIFICIAL,5,,Sección 1,CÁTEDRA 01,JU 14:30 - 17:20,ROSSI ALEJANDRO,S-SANTIAGO,Vacantes FG,CFG5024_FG01,55
,,,,,,,,,,,,,,,,,,,,,,,,
,,,,,,,,,,,,,,,,,,,,,,,,
,,,,,,,,,,,,,,,,,,,,,,,,
,,,,,,,,,,,,,CFG5025,HISTORIA DE LAS TECNOLOGIAS DE LA MIRADA,5,,Sección 1,CÁTEDRA 01,MA JU 16:00 - 17:20,SANTA CRUZ JOSE MIGUEL,S-SANTIAGO,Vacantes FG,CFG5025_FG01,55
,,,,,,,,,,,,,,,,,,,,,,,,
,,,,,,,,,,,,,,,,,,,,,,,,
,,,,,,,,,,,,,,,,,,,,,,,,
,,,,,,,,,,,,,CFG5026,CÁTEDRA ABIERTA LITERATURA HISPANO,5,,Sección 1,CÁTEDRA FG01,MA JU 11:30 - 12:50,BISAMA ALVARO SALVADOR,S-SANTIAGO,Vacantes FG,CFG5026_FG01,55
,,,,,,,,,,,,,,,,,,,,,,,,
,,,,,,,,,,,,,,,,,,,,,,,,
,,,,,,,,,,,,,,,,,,,,,,,,
,,,,,,,,,,,,,,,,,,,,,,,,7397
