,,,,,,,,,,,,Asignatura,Nombre Asig.,Créditos Asignatura,Asig. Referenciadas,Sección,Descrip. Evento,Horario,Profesor,Sede,Cat. Paquete,Paquete,Vac. Ev.
,,,,,,,,,,,,CBF1000,MECÁNICA,7,,Sección 1,CÁTEDRA 01,LU JU 08:30 - 09:50,OLIVARES MARCO ANDRES,S-SANTIAGO,Vacantes de Carrera,CBF1000_VC01,40
,,,,,,,,,,,,CBF1000,MECÁNICA,7,,Sección 1,LABORAT 01,VI 08:30 - 09:50,OLIVARES MARCO ANDRES,S-SANTIAGO,Vacantes de Carrera,CBF1000_VC01,20
,,,,,,,,,,,,CBF1000,MECÁNICA,7,,Sección 1,AYUD OBLIG 01,MA 08:30 - 09:50,CHAER DIEGO,S-SANTIAGO,Vacantes de Carrera,CBF1000_VC01,40
,,,,,,,,,,,,,,,,,,,,,,,
,,,,,,,,,,,,,,,,,,,,,,,
,,,,,,,,,,,,CBF1000,MECÁNICA,7,,Sección 10,CÁTEDRA 05,LU JU 11:30 - 12:50,OLIVARES MARCO ANDRES,S-SANTIAGO,Vacantes de Carrera,CBF1000_VC10,40
,,,,,,,,,,,,CBF1000,MECÁNICA,7,,Sección 10,AYUD OBLIG 05,MA 11:30 - 12:50,RODRÍGUEZ ESTEBAN,S-SANTIAGO,Vacantes de Carrera,CBF1000_VC10,40
,,,,,,,,,,,,CBF1000,MECÁNICA,7,,Sección 10,LABORAT 10,VI 11:30 - 12:50,OLIVARES MARCO ANDRES,S-SANTIAGO,Vacantes de Carrera,CBF1000_VC10,20
,,,,,,,,,,,,CBF1000,MECÁNICA,7,,Sección 10,LABORAT 10,VI 11:30 - 12:50,BASOALTO MATÍAS,S-SANTIAGO,Vacantes de Carrera,CBF1000_VC10,20
,,,,,,,,,,,,,,,,,,,,,,,
,,,,,,,,,,,,,,,,,,,,,,,
,,,,,,,,,,,,CBF1000,MECÁNICA,7,,Sección 11,CÁTEDRA 06,LU JU 13:00 - 14:20,BRIZUELA JESSICA,S-SANTIAGO,Vacantes de Carrera,CBF1000_VC11,40
,,,,,,,,,,,,CBF1000,MECÁNICA,7,,Sección 11,AYUD OBLIG 06,MA 13:00 - 14:20,CABRERA ARIAN ALFONSO,S-SANTIAGO,Vacantes de Carrera,CBF1000_VC11,40
,,,,,,,,,,,,CBF1000,MECÁNICA,7,,Sección 11,LABORAT 11,MI 13:00 - 14:20,CABRERA ARIAN ALFONSO,S-SANTIAGO,Vacantes de Carrera,CBF1000_VC11,20
,,,,,,,,,,,,CBF1000,MECÁNICA,7,,Sección 11,LABORAT 11,MI 13:00 - 14:20,BRIZUELA JESSICA,S-SANTIAGO,Vacantes de Carrera,CBF1000_VC11,20
,,,,,,,,,,,,,,,,,,,,,,,
,,,,,,,,,,,,,,,,,,,,,,,
,,,,,,,,,,,,CBF1000,MECÁNICA,7,,Sección 12,CÁTEDRA 06,LU JU 13:00 - 14:20,BRIZUELA JESSICA,S-SANTIAGO,Vacantes de Carrera,CBF1000_VC12,40
,,,,,,,,,,,,CBF1000,MECÁNICA,7,,Sección 12,AYUD OBLIG 06,MA 13:00 - 14:20,CABRERA ARIAN ALFONSO,S-SANTIAGO,Vacantes de Carrera,CBF1000_VC12,40
,,,,,,,,,,,,CBF1000,MECÁNICA,7,,Sección 12,LABORAT 12,MI 13:00 - 14:20,CABRERA ARIAN ALFONSO,S-SANTIAGO,Vacantes de Carrera,CBF1000_VC12,20
,,,,,,,,,,,,CBF1000,MECÁNICA,7,,Sección 12,LABORAT 12,MI 13:00 - 14:20,BRIZUELA JESSICA,S-SANTIAGO,Vacantes de Carrera,CBF1000_VC12,20
,,,,,,,,,,,,,,,,,,,,,,,
,,,,,,,,,,,,,,,,,,,,,,,
,,,,,,,,,,,,CBF1000,MECÁNICA,7,,Sección 13,CÁTEDRA 07,LU JU 14:30 - 15:50,EREMEEV VITALIE,S-SANTIAGO,Vacantes de Carrera,CBF1000_VC13,40
,,,,,,,,,,,,CBF1000,MECÁNICA,7,,Sección 13,AYUD OBLIG 07,MI 14:30 - 15:50,RODRÍGUEZ ESTEBAN,S-SANTIAGO,Vacantes de Carrera,CBF1000_VC13,40
,,,,,,,,,,,,CBF1000,MECÁNICA,7,,Sección 13,LABORAT 13,MA 14:30 - 15:50,RIVERA JOSÉ RICARDO,S-SANTIAGO,Vacantes de Carrera,CBF1000_VC13,20
,,,,,,,,,,,,CBF1000,MECÁNICA,7,,Sección 13,LABORAT 13,MA 14:30 - 15:50,GALLARDO MARCEL,S-SANTIAGO,Vacantes de Carrera,CBF1000_VC13,20
,,,,,,,,,,,,,,,,,,,,,,,
,,,,,,,,,,,,,,,,,,,,,,,
,,,,,,,,,,,,CBF1000,MECÁNICA,7,,Sección 14,CÁTEDRA 07,LU JU 14:30 - 15:50,EREMEEV VITALIE,S-SANTIAGO,Vacantes de Carrera,CBF1000_VC14,40
,,,,,,,,,,,,CBF1000,MECÁNICA,7,,Sección 14,AYUD OBLIG 07,MI 14:30 - 15:50,RODRÍGUEZ ESTEBAN,S-SANTIAGO,Vacantes de Carrera,CBF1000_VC14,40
,,,,,,,,,,,,CBF1000,MECÁNICA,7,,Sección 14,LABORAT 14,MA 14:30 - 15:50,GALLARDO MARCEL,S-SANTIAGO,Vacantes de Carrera,CBF1000_VC14,20
,,,,,,,,,,,,CBF1000,MECÁNICA,7,,Sección 14,LABORAT 14,MA 14:30 - 15:50,RIVERA JOSÉ RICARDO,S-SANTIAGO,Vacantes de Carrera,CBF1000_VC14,20
,,,,,,,,,,,,,,,,,,,,,,,
,,,,,,,,,,,,,,,,,,,,,,,
,,,,,,,,,,,,CBF1000,MECÁNICA,7,,Sección 2,LABORAT 02,VI 08:30 - 09:50,OLIVARES MARCO ANDRES,S-SANTIAGO,Vacantes de Carrera,CBF1000_VC02,20
,,,,,,,,,,,,CBF1000,MECÁNICA,7,,Sección 2,AYUD OBLIG 01,MA 08:30 - 09:50,CHAER DIEGO,S-SANTIAGO,Vacantes de Carrera,CBF1000_VC02,40
,,,,,,,,,,,,CBF1000,MECÁNICA,7,,Sección 2,CÁTEDRA 01,LU JU 08:30 - 09:50,OLIVARES MARCO ANDRES,S-SANTIAGO,Vacantes de Carrera,CBF1000_VC02,40
,,,,,,,,,,,,,,,,,,,,,,,
,,,,,,,,,,,,,,,,,,,,,,,
,,,,,,,,,,,,CBF1000,MECÁNICA,7,,Sección 3,CÁTEDRA 02,MA VI 08:30 - 09:50,VILLAGRAN SIDNEY HERNAN,S-SANTIAGO,Vacantes de Carrera,CBF1000_VC03,40
,,,,,,,,,,,,CBF1000,MECÁNICA,7,,Sección 3,LABORAT 03,JU 08:30 - 09:50,VILLAGRAN SIDNEY HERNAN,S-SANTIAGO,Vacantes de Carrera,CBF1000_VC03,20
,,,,,,,,,,,,CBF1000,MECÁNICA,7,,Sección 3,AYUD OBLIG 02,LU 08:30 - 09:50,UMAÑA CHRISTIAN,S-SANTIAGO,Vacantes de Carrera,CBF1000_VC03,40
,,,,,,,,,,,,,,,,,,,,,,,
,,,,,,,,,,,,,,,,,,,,,,,
,,,,,,,,,,,,CBF1000,MECÁNICA,7,,Sección 4,CÁTEDRA 02,MA VI 08:30 - 09:50,VILLAGRAN SIDNEY HERNAN,S-SANTIAGO,Vacantes de Carrera,CBF1000_VC04,40
,,,,,,,,,,,,CBF1000,MECÁNICA,7,,Sección 4,LABORAT 04,JU 08:30 - 09:50,VILLAGRAN SIDNEY HERNAN,S-SANTIAGO,Vacantes de Carrera,CBF1000_VC04,20
,,,,,,,,,,,,CBF1000,MECÁNICA,7,,Sección 4,AYUD OBLIG 02,LU 08:30 - 09:50,UMAÑA CHRISTIAN,S-SANTIAGO,Vacantes de Carrera,CBF1000_VC04,40
,,,,,,,,,,,,,,,,,,,,,,,
,,,,,,,,,,,,,,,,,,,,,,,
,,,,,,,,,,,,CBF1000,MECÁNICA,7,,Sección 5,CÁTEDRA 03,MA JU 10:00 - 11:20,LEON ALEJANDRO,S-SANTIAGO,Vacantes de Carrera,CBF1000_VC05,40
,,,,,,,,,,,,CBF1000,MECÁNICA,7,,Sección 5,LABORAT 05,VI 10:00 - 11:20,VILLAGRAN SIDNEY HERNAN,S-SANTIAGO,Vacantes de Carrera,CBF1000_VC05,20
,,,,,,,,,,,,CBF1000,MECÁNICA,7,,Sección 5,AYUD OBLIG 03,LU 10:00 - 11:20,,S-SANTIAGO,Vacantes de Carrera,CBF1000_VC05,40
,,,,,,,,,,,,,,,,,,,,,,,
,,,,,,,,,,,,,,,,,,,,,,,
,,,,,,,,,,,,CBF1000,MECÁNICA,7,,Sección 6,LABORAT 06,VI 10:00 - 11:20,VILLAGRAN SIDNEY HERNAN,S-SANTIAGO,Vacantes de Carrera,CBF1000_VC06,20
,,,,,,,,,,,,CBF1000,MECÁNICA,7,,Sección 6,AYUD OBLIG 03,LU 10:00 - 11:20,,S-SANTIAGO,Vacantes de Carrera,CBF1000_VC06,40
,,,,,,,,,,,,CBF1000,MECÁNICA,7,,Sección 6,CÁTEDRA 03,MA JU 10:00 - 11:20,LEON ALEJANDRO,S-SANTIAGO,Vacantes de Carrera,CBF1000_VC06,40
,,,,,,,,,,,,,,,,,,,,,,,
,,,,,,,,,,,,,,,,,,,,,,,
,,,,,,,,,,,,CBF1000,MECÁNICA,7,,Sección 7,LABORAT 07,MA 11:30 - 12:50,RIVERA JOSÉ RICARDO,S-SANTIAGO,Vacantes de Carrera,CBF1000_VC07,20
,,,,,,,,,,,,CBF1000,MECÁNICA,7,,Sección 7,AYUD OBLIG 04,VI 11:30 - 12:50,,S-SANTIAGO,Vacantes de Carrera,CBF1000_VC07,40
,,,,,,,,,,,,CBF1000,MECÁNICA,7,,Sección 7,CÁTEDRA 04,LU JU 11:30 - 12:50,EREMEEV VITALIE,S-SANTIAGO,Vacantes de Carrera,CBF1000_VC07,40
,,,,,,,,,,,,,,,,,,,,,,,
,,,,,,,,,,,,,,,,,,,,,,,
,,,,,,,,,,,,CBF1000,MECÁNICA,7,,Sección 8,LABORAT 08,MA 11:30 - 12:50,RIVERA JOSÉ RICARDO,S-SANTIAGO,Vacantes de Carrera,CBF1000_VC08,20
,,,,,,,,,,,,CBF1000,MECÁNICA,7,,Sección 8,CÁTEDRA 04,LU JU 11:30 - 12:50,EREMEEV VITALIE,S-SANTIAGO,Vacantes de Carrera,CBF1000_VC08,40
,,,,,,,,,,,,CBF1000,MECÁNICA,7,,Sección 8,AYUD OBLIG 04,VI 11:30 - 12:50,,S-SANTIAGO,Vacantes de Carrera,CBF1000_VC08,40
,,,,,,,,,,,,,,,,,,,,,,,
,,,,,,,,,,,,,,,,,,,,,,,
,,,,,,,,,,,,CBF1000,MECÁNICA,7,,Sección 9,LABORAT 09,VI 11:30 - 12:50,BASOALTO MATÍAS,S-SANTIAGO,Vacantes de Carrera,CBF1000_VC09,20
,,,,,,,,,,,,CBF1000,MECÁNICA,7,,Sección 9,CÁTEDRA 05,LU JU 11:30 - 12:50,OLIVARES MARCO ANDRES,S-SANTIAGO,Vacantes de Carrera,CBF1000_VC09,40
,,,,,,,,,,,,CBF1000,MECÁNICA,7,,Sección 9,AYUD OBLIG 05,MA 11:30 - 12:50,RODRÍGUEZ ESTEBAN,S-SANTIAGO,Vacantes de Carrera,CBF1000_VC09,40
,,,,,,,,,,,,CBF1000,MECÁNICA,7,,Sección 9,LABORAT 09,VI 11:30 - 12:50,OLIVARES MARCO ANDRES,S-SANTIAGO,Vacantes de Carrera,CBF1000_VC09,20
,,,,,,,,,,,,,,,,,,,,,,,
,,,,,,,,,,,,,,,,,,,,,,,
,,,,,,,,,,,,,,,,,,,,,,,
,,,,,,,,,,,,CBF1001,CALOR Y ONDAS,7,,Sección 1,CÁTEDRA 01,LU JU 10:00 - 11:20,OLIVARES MARCO ANDRES,S-SANTIAGO,Vacantes de Carrera,CBF1001_VC01,40
,,,,,,,,,,,,CBF1001,CALOR Y ONDAS,7,,Sección 1,AYUD OBLIG 01,MA 10:00 - 11:20,TORRES ICARO,S-SANTIAGO,Vacantes de Carrera,CBF1001_VC01,40
,,,,,,,,,,,,CBF1001,CALOR Y ONDAS,7,,Sección 1,LABORAT 01,VI 10:00 - 11:20,OLIVARES MARCO ANDRES,S-SANTIAGO,Vacantes de Carrera,CBF1001_VC01,20
,,,,,,,,,,,,CBF1001,CALOR Y ONDAS,7,,Sección 1,LABORAT 01,VI 10:00 - 11:20,BASOALTO MATÍAS,S-SANTIAGO,Vacantes de Carrera,CBF1001_VC01,20
,,,,,,,,,,,,,,,,,,,,,,,
,,,,,,,,,,,,,,,,,,,,,,,
,,,,,,,,,,,,CBF1001,CALOR Y ONDAS,7,,Sección 10,CÁTEDRA 05,LU JU 13:00 - 14:20,LAVIN ROBERTO OSVALDO,S-SANTIAGO,Vacantes de Carrera,CBF1001_VC10,40
,,,,,,,,,,,,CBF1001,CALOR Y ONDAS,7,,Sección 10,AYUD OBLIG 05,VI 14:30 - 15:50,SALINAS NICOLÁS,S-SANTIAGO,Vacantes de Carrera,CBF1001_VC10,40
,,,,,,,,,,,,CBF1001,CALOR Y ONDAS,7,,Sección 10,LABORAT 10,MA 14:30 - 15:50,CASTILLO CRISTIAN,S-SANTIAGO,Vacantes de Carrera,CBF1001_VC10,20
,,,,,,,,,,,,CBF1001,CALOR Y ONDAS,7,,Sección 10,LABORAT 10,MA 14:30 - 15:50,BRIZUELA JESSICA,S-SANTIAGO,Vacantes de Carrera,CBF1001_VC10,20
,,,,,,,,,,,,,,,,,,,,,,,
,,,,,,,,,,,,,,,,,,,,,,,
,,,,,,,,,,,,CBF1001,CALOR Y ONDAS,7,,Sección 2,LABORAT 02,VI 10:00 - 11:20,BASOALTO MATÍAS,S-SANTIAGO,Vacantes de Carrera,CBF1001_VC02,20
,,,,,,,,,,,,CBF1001,CALOR Y ONDAS,7,,Sección 2,CÁTEDRA 01,LU JU 10:00 - 11:20,OLIVARES MARCO ANDRES,S-SANTIAGO,Vacantes de Carrera,CBF1001_VC02,40
,,,,,,,,,,,,CBF1001,CALOR Y ONDAS,7,,Sección 2,AYUD OBLIG 01,MA 10:00 - 11:20,TORRES ICARO,S-SANTIAGO,Vacantes de Carrera,CBF1001_VC02,40
,,,,,,,,,,,,CBF1001,CALOR Y ONDAS,7,,Sección 2,LABORAT 02,VI 10:00 - 11:20,OLIVARES MARCO ANDRES,S-SANTIAGO,Vacantes de Carrera,CBF1001_VC02,20
,,,,,,,,,,,,,,,,,,,,,,,
,,,,,,,,,,,,,,,,,,,,,,,
,,,,,,,,,,,,CBF1001,CALOR Y ONDAS,7,,Sección 3,CÁTEDRA 02,LU JU 10:00 - 11:20,VILLAGRAN SIDNEY HERNAN,S-SANTIAGO,Vacantes de Carrera,CBF1001_VC03,40
,,,,,,,,,,,,CBF1001,CALOR Y ONDAS,7,,Sección 3,AYUD OBLIG 02,VI 10:00 - 11:20,,S-SANTIAGO,Vacantes de Carrera,CBF1001_VC03,40
,,,,,,,,,,,,CBF1001,CALOR Y ONDAS,7,,Sección 3,LABORAT 03,MA 10:00 - 11:20,GACITÚA FRANCISCA,S-SANTIAGO,Vacantes de Carrera,CBF1001_VC03,20
,,,,,,,,,,,,CBF1001,CALOR Y ONDAS,7,,Sección 3,LABORAT 03,MA 10:00 - 11:20,VILLAGRAN SIDNEY HERNAN,S-SANTIAGO,Vacantes de Carrera,CBF1001_VC03,20
,,,,,,,,,,,,,,,,,,,,,,,
,,,,,,,,,,,,,,,,,,,,,,,
,,,,,,,,,,,,CBF1001,CALOR Y ONDAS,7,,Sección 4,CÁTEDRA 02,LU JU 10:00 - 11:20,VILLAGRAN SIDNEY HERNAN,S-SANTIAGO,Vacantes de Carrera,CBF1001_VC04,40
,,,,,,,,,,,,CBF1001,CALOR Y ONDAS,7,,Sección 4,AYUD OBLIG 02,VI 10:00 - 11:20,,S-SANTIAGO,Vacantes de Carrera,CBF1001_VC04,40
,,,,,,,,,,,,CBF1001,CALOR Y ONDAS,7,,Sección 4,LABORAT 04,MA 10:00 - 11:20,VILLAGRAN SIDNEY HERNAN,S-SANTIAGO,Vacantes de Carrera,CBF1001_VC04,20
,,,,,,,,,,,,CBF1001,CALOR Y ONDAS,7,,Sección 4,LABORAT 04,MA 10:00 - 11:20,GACITÚA FRANCISCA,S-SANTIAGO,Vacantes de Carrera,CBF1001_VC04,20
,,,,,,,,,,,,,,,,,,,,,,,
,,,,,,,,,,,,,,,,,,,,,,,
,,,,,,,,,,,,CBF1001,CALOR Y ONDAS,7,,Sección 5,CÁTEDRA 03,LU JU 11:30 - 12:50,LAVIN ROBERTO OSVALDO,S-SANTIAGO,Vacantes de Carrera,CBF1001_VC05,40
,,,,,,,,,,,,CBF1001,CALOR Y ONDAS,7,,Sección 5,AYUD OBLIG 03,VI 11:30 - 12:50,SALINAS NICOLÁS,S-SANTIAGO,Vacantes de Carrera,CBF1001_VC05,40
,,,,,,,,,,,,CBF1001,CALOR Y ONDAS,7,,Sección 5,LABORAT 05,MA 11:30 - 12:50,BRIZUELA JESSICA,S-SANTIAGO,Vacantes de Carrera,CBF1001_VC05,20
,,,,,,,,,,,,CBF1001,CALOR Y ONDAS,7,,Sección 5,LABORAT 05,MA 11:30 - 12:50,YACONI VICENTE,S-SANTIAGO,Vacantes de Carrera,CBF1001_VC05,20
,,,,,,,,,,,,,,,,,,,,,,,
,,,,,,,,,,,,,,,,,,,,,,,
,,,,,,,,,,,,CBF1001,CALOR Y ONDAS,7,,Sección 6,LABORAT 06,MA 11:30 - 12:50,YACONI VICENTE,S-SANTIAGO,Vacantes de Carrera,CBF1001_VC06,20
,,,,,,,,,,,,CBF1001,CALOR Y ONDAS,7,,Sección 6,AYUD OBLIG 03,VI 11:30 - 12:50,SALINAS NICOLÁS,S-SANTIAGO,Vacantes de Carrera,CBF1001_VC06,40
,,,,,,,,,,,,CBF1001,CALOR Y ONDAS,7,,Sección 6,LABORAT 06,MA 11:30 - 12:50,BRIZUELA JESSICA,S-SANTIAGO,Vacantes de Carrera,CBF1001_VC06,20
,,,,,,,,,,,,CBF1001,CALOR Y ONDAS,7,,Sección 6,CÁTEDRA 03,LU JU 11:30 - 12:50,LAVIN ROBERTO OSVALDO,S-SANTIAGO,Vacantes de Carrera,CBF1001_VC06,40
,,,,,,,,,,,,,,,,,,,,,,,
,,,,,,,,,,,,,,,,,,,,,,,
,,,,,,,,,,,,CBF1001,CALOR Y ONDAS,7,,Sección 7,CÁTEDRA 04,MA JU 14:30 - 15:50,DUARTE HÉCTOR,S-SANTIAGO,Vacantes de Carrera,CBF1001_VC07,40
,,,,,,,,,,,,CBF1001,CALOR Y ONDAS,7,,Sección 7,AYUD OBLIG 04,VI 14:30 - 15:50,NARANJO DIEGO,S-SANTIAGO,Vacantes de Carrera,CBF1001_VC07,40
,,,,,,,,,,,,CBF1001,CALOR Y ONDAS,7,,Sección 7,LAB OBLIG 07,LU 14:30 - 15:50,RIVERA JOSÉ RICARDO,S-SANTIAGO,Vacantes de Carrera,CBF1001_VC07,20
,,,,,,,,,,,,,,,,,,,,,,,
,,,,,,,,,,,,,,,,,,,,,,,
,,,,,,,,,,,,CBF1001,CALOR Y ONDAS,7,,Sección 8,CÁTEDRA 04,MA JU 14:30 - 15:50,DUARTE HÉCTOR,S-SANTIAGO,Vacantes de Carrera,CBF1001_VC08,40
,,,,,,,,,,,,CBF1001,CALOR Y ONDAS,7,,Sección 8,LAB OBLIG 08,LU 14:30 - 15:50,RIVERA JOSÉ RICARDO,S-SANTIAGO,Vacantes de Carrera,CBF1001_VC08,20
,,,,,,,,,,,,CBF1001,CALOR Y ONDAS,7,,Sección 8,AYUD OBLIG 04,VI 14:30 - 15:50,NARANJO DIEGO,S-SANTIAGO,Vacantes de Carrera,CBF1001_VC08,40
,,,,,,,,,,,,,,,,,,,,,,,
,,,,,,,,,,,,,,,,,,,,,,,
,,,,,,,,,,,,CBF1001,CALOR Y ONDAS,7,,Sección 9,CÁTEDRA 05,LU JU 13:00 - 14:20,LAVIN ROBERTO OSVALDO,S-SANTIAGO,Vacantes de Carrera,CBF1001_VC09,40
,,,,,,,,,,,,CBF1001,CALOR Y ONDAS,7,,Sección 9,AYUD OBLIG 05,VI 14:30 - 15:50,SALINAS NICOLÁS,S-SANTIAGO,Vacantes de Carrera,CBF1001_VC09,40
,,,,,,,,,,,,CBF1001,CALOR Y ONDAS,7,,Sección 9,LABORAT 09,MA 14:30 - 15:50,CASTILLO CRISTIAN,S-SANTIAGO,Vacantes de Carrera,CBF1001_VC09,20
,,,,,,,,,,,,CBF1001,CALOR Y ONDAS,7,,Sección 9,LABORAT 09,MA 14:30 - 15:50,BRIZUELA JESSICA,S-SANTIAGO,Vacantes de Carrera,CBF1001_VC09,20
,,,,,,,,,,,,,,,,,,,,,,,
,,,,,,,,,,,,,,,,,,,,,,,
,,,,,,,,,,,,,,,,,,,,,,,
,,,,,,,,,,,,CBF1002,ELECTRICIDAD Y MAGNETISMO,7,,Sección 1,CÁTEDRA 01,MA JU 11:30 - 12:50,LEON ALEJANDRO,S-SANTIAGO,Vacantes de Carrera,CBF1002_VC01,40
,,,,,,,,,,,,CBF1002,ELECTRICIDAD Y MAGNETISMO,7,,Sección 1,LABORAT OBLIG 01,VI 11:30 - 12:50,VILLAGRAN SIDNEY HERNAN,S-SANTIAGO,Vacantes de Carrera,CBF1002_VC01,20
,,,,,,,,,,,,CBF1002,ELECTRICIDAD Y MAGNETISMO,7,,Sección 1,AYUD OBLIG 01,LU 11:30 - 12:50,,S-SANTIAGO,Vacantes de Carrera,CBF1002_VC01,40
,,,,,,,,,,,,,,,,,,,,,,,
,,,,,,,,,,,,,,,,,,,,,,,
,,,,,,,,,,,,CBF1002,ELECTRICIDAD Y MAGNETISMO,7,,Sección 10,CÁTEDRA 05,LU JU 14:30 - 15:50,OLIVARES MARCO ANDRES,S-SANTIAGO,Vacantes de Carrera,CBF1002_VC10,40
,,,,,,,,,,,,CBF1002,ELECTRICIDAD Y MAGNETISMO,7,,Sección 10,LABORAT OBLIG 10,VI 14:30 - 15:50,OLIVARES MARCO ANDRES,S-SANTIAGO,Vacantes de Carrera,CBF1002_VC10,20
,,,,,,,,,,,,CBF1002,ELECTRICIDAD Y MAGNETISMO,7,,Sección 10,AYUD OBLIG 05,MA 14:30 - 15:50,,S-SANTIAGO,Vacantes de Carrera,CBF1002_VC10,40
,,,,,,,,,,,,,,,,,,,,,,,
,,,,,,,,,,,,,,,,,,,,,,,
,,,,,,,,,,,,CBF1002,ELECTRICIDAD Y MAGNETISMO,7,,Sección 11,CÁTEDRA 06,LU JU 16:00 - 17:20,OLIVARES MARCO ANDRES,S-SANTIAGO,Vacantes de Carrera,CBF1002_VC11,40
,,,,,,,,,,,,CBF1002,ELECTRICIDAD Y MAGNETISMO,7,,Sección 11,LABORAT OBLIG 11,VI 16:00 - 17:20,OLIVARES MARCO ANDRES,S-SANTIAGO,Vacantes de Carrera,CBF1002_VC11,20
,,,,,,,,,,,,CBF1002,ELECTRICIDAD Y MAGNETISMO,7,,Sección 11,AYUD OBLIG 06,MA 16:00 - 17:20,,S-SANTIAGO,Vacantes de Carrera,CBF1002_VC11,40
,,,,,,,,,,,,,,,,,,,,,,,
,,,,,,,,,,,,,,,,,,,,,,,
,,,,,,,,,,,,CBF1002,ELECTRICIDAD Y MAGNETISMO,7,,Sección 12,CÁTEDRA 06,LU JU 16:00 - 17:20,OLIVARES MARCO ANDRES,S-SANTIAGO,Vacantes de Carrera,CBF1002_VC12,40
,,,,,,,,,,,,CBF1002,ELECTRICIDAD Y MAGNETISMO,7,,Sección 12,LABORAT OBLIG 12,VI 16:00 - 17:20,OLIVARES MARCO ANDRES,S-SANTIAGO,Vacantes de Carrera,CBF1002_VC12,20
,,,,,,,,,,,,CBF1002,ELECTRICIDAD Y MAGNETISMO,7,,Sección 12,AYUD OBLIG 06,MA 16:00 - 17:20,,S-SANTIAGO,Vacantes de Carrera,CBF1002_VC12,40
,,,,,,,,,,,,,,,,,,,,,,,
,,,,,,,,,,,,,,,,,,,,,,,
,,,,,,,,,,,,CBF1002,ELECTRICIDAD Y MAGNETISMO,7,,Sección 13,CÁTEDRA 07,MA VI 16:00 - 17:20,VILLAGRAN SIDNEY HERNAN,S-SANTIAGO,Vacantes de Carrera,CBF1002_VC13,40
,,,,,,,,,,,,CBF1002,ELECTRICIDAD Y MAGNETISMO,7,,Sección 13,AYUD OBLIG 07,LU 16:00 - 17:20,,S-SANTIAGO,Vacantes de Carrera,CBF1002_VC13,40
,,,,,,,,,,,,CBF1002,ELECTRICIDAD Y MAGNETISMO,7,,Sección 13,LABORAT OBLIG 13,JU 16:00 - 17:20,VILLAGRAN SIDNEY HERNAN,S-SANTIAGO,Vacantes de Carrera,CBF1002_VC13,20
,,,,,,,,,,,,,,,,,,,,,,,
,,,,,,,,,,,,,,,,,,,,,,,
,,,,,,,,,,,,CBF1002,ELECTRICIDAD Y MAGNETISMO,7,,Sección 14,CÁTEDRA 07,MA VI 16:00 - 17:20,VILLAGRAN SIDNEY HERNAN,S-SANTIAGO,Vacantes de Carrera,CBF1002_VC14,40
,,,,,,,,,,,,CBF1002,ELECTRICIDAD Y MAGNETISMO,7,,Sección 14,LABORAT OBLIG 14,JU 16:00 - 17:20,VILLAGRAN SIDNEY HERNAN,S-SANTIAGO,Vacantes de Carrera,CBF1002_VC14,20
,,,,,,,,,,,,CBF1002,ELECTRICIDAD Y MAGNETISMO,7,,Sección 14,AYUD OBLIG 07,LU 16:00 - 17:20,,S-SANTIAGO,Vacantes de Carrera,CBF1002_VC14,40
,,,,,,,,,,,,,,,,,,,,,,,
,,,,,,,,,,,,,,,,,,,,,,,
,,,,,,,,,,,,CBF1002,ELECTRICIDAD Y MAGNETISMO,7,,Sección 2,CÁTEDRA 01,MA JU 11:30 - 12:50,LEON ALEJANDRO,S-SANTIAGO,Vacantes de Carrera,CBF1002_VC02,40
,,,,,,,,,,,,CBF1002,ELECTRICIDAD Y MAGNETISMO,7,,Sección 2,LABORAT OBLIG 02,VI 11:30 - 12:50,VILLAGRAN SIDNEY HERNAN,S-SANTIAGO,Vacantes de Carrera,CBF1002_VC02,20
,,,,,,,,,,,,CBF1002,ELECTRICIDAD Y MAGNETISMO,7,,Sección 2,AYUD OBLIG 01,LU 11:30 - 12:50,,S-SANTIAGO,Vacantes de Carrera,CBF1002_VC02,40
,,,,,,,,,,,,,,,,,,,,,,,
,,,,,,,,,,,,,,,,,,,,,,,
,,,,,,,,,,,,CBF1002,ELECTRICIDAD Y MAGNETISMO,7,,Sección 3,CÁTEDRA 02,LU JU 11:30 - 12:50,VILLAGRAN SIDNEY HERNAN,S-SANTIAGO,Vacantes de Carrera,CBF1002_VC03,40
,,,,,,,,,,,,CBF1002,ELECTRICIDAD Y MAGNETISMO,7,,Sección 3,LABORAT OBLIG 03,MA 11:30 - 12:50,SÁNCHEZ DENISSE,S-SANTIAGO,Vacantes de Carrera,CBF1002_VC03,20
,,,,,,,,,,,,CBF1002,ELECTRICIDAD Y MAGNETISMO,7,,Sección 3,LABORAT OBLIG 03,MA 11:30 - 12:50,VILLAGRAN SIDNEY HERNAN,S-SANTIAGO,Vacantes de Carrera,CBF1002_VC03,20
,,,,,,,,,,,,CBF1002,ELECTRICIDAD Y MAGNETISMO,7,,Sección 3,AYUD OBLIG 02,VI 11:30 - 12:50,NEIRA TOMÁS,S-SANTIAGO,Vacantes de Carrera,CBF1002_VC03,40
,,,,,,,,,,,,,,,,,,,,,,,
,,,,,,,,,,,,,,,,,,,,,,,
,,,,,,,,,,,,CBF1002,ELECTRICIDAD Y MAGNETISMO,7,,Sección 4,LABORAT OBLIG 04,MA 11:30 - 12:50,SÁNCHEZ DENISSE,S-SANTIAGO,Vacantes de Carrera,CBF1002_VC04,20
,,,,,,,,,,,,CBF1002,ELECTRICIDAD Y MAGNETISMO,7,,Sección 4,AYUD OBLIG 02,VI 11:30 - 12:50,NEIRA TOMÁS,S-SANTIAGO,Vacantes de Carrera,CBF1002_VC04,40
,,,,,,,,,,,,CBF1002,ELECTRICIDAD Y MAGNETISMO,7,,Sección 4,LABORAT OBLIG 04,MA 11:30 - 12:50,VILLAGRAN SIDNEY HERNAN,S-SANTIAGO,Vacantes de Carrera,CBF1002_VC04,20
,,,,,,,,,,,,CBF1002,ELECTRICIDAD Y MAGNETISMO,7,,Sección 4,CÁTEDRA 02,LU JU 11:30 - 12:50,VILLAGRAN SIDNEY HERNAN,S-SANTIAGO,Vacantes de Carrera,CBF1002_VC04,40
,,,,,,,,,,,,,,,,,,,,,,,
,,,,,,,,,,,,,,,,,,,,,,,
,,,,,,,,,,,,CBF1002,ELECTRICIDAD Y MAGNETISMO,7,,Sección 5,CÁTEDRA 03,LU JU 13:00 - 14:20,BARTOLO LEONARDO MAURICIO,S-SANTIAGO,Vacantes de Carrera,CBF1002_VC05,40
,,,,,,,,,,,,CBF1002,ELECTRICIDAD Y MAGNETISMO,7,,Sección 5,AYUD OBLIG 03,MA 13:00 - 14:20,ALBORNOZ LISETTE,S-SANTIAGO,Vacantes de Carrera,CBF1002_VC05,40
,,,,,,,,,,,,CBF1002,ELECTRICIDAD Y MAGNETISMO,7,,Sección 5,LABORAT OBLIG 05,MI 13:00 - 14:20,BARTOLO LEONARDO MAURICIO,S-SANTIAGO,Vacantes de Carrera,CBF1002_VC05,20
,,,,,,,,,,,,CBF1002,ELECTRICIDAD Y MAGNETISMO,7,,Sección 5,LABORAT OBLIG 05,MI 13:00 - 14:20,ALBORNOZ LISETTE,S-SANTIAGO,Vacantes de Carrera,CBF1002_VC05,20
,,,,,,,,,,,,,,,,,,,,,,,
,,,,,,,,,,,,,,,,,,,,,,,
,,,,,,,,,,,,CBF1002,ELECTRICIDAD Y MAGNETISMO,7,,Sección 6,CÁTEDRA 03,LU JU 13:00 - 14:20,BARTOLO LEONARDO MAURICIO,S-SANTIAGO,Vacantes de Carrera,CBF1002_VC06,40
,,,,,,,,,,,,CBF1002,ELECTRICIDAD Y MAGNETISMO,7,,Sección 6,AYUD OBLIG 03,MA 13:00 - 14:20,ALBORNOZ LISETTE,S-SANTIAGO,Vacantes de Carrera,CBF1002_VC06,40
,,,,,,,,,,,,CBF1002,ELECTRICIDAD Y MAGNETISMO,7,,Sección 6,LABORAT OBLIG 06,MI 13:00 - 14:20,ALBORNOZ LISETTE,S-SANTIAGO,Vacantes de Carrera,CBF1002_VC06,20
,,,,,,,,,,,,CBF1002,ELECTRICIDAD Y MAGNETISMO,7,,Sección 6,LABORAT OBLIG 06,MI 13:00 - 14:20,BARTOLO LEONARDO MAURICIO,S-SANTIAGO,Vacantes de Carrera,CBF1002_VC06,20
,,,,,,,,,,,,,,,,,,,,,,,
,,,,,,,,,,,,,,,,,,,,,,,
,,,,,,,,,,,,CBF1002,ELECTRICIDAD Y MAGNETISMO,7,,Sección 7,CÁTEDRA 04,LU JU 14:30 - 15:50,POZO JULIO HERMINIO,S-SANTIAGO,Vacantes de Carrera,CBF1002_VC07,39
,,,,,,,,,,,,CBF1002,ELECTRICIDAD Y MAGNETISMO,7,,Sección 7,AYUD OBLIG 04,MA 14:30 - 15:50,SOTO CÉSAR,S-SANTIAGO,Vacantes de Carrera,CBF1002_VC07,39
,,,,,,,,,,,,CBF1002,ELECTRICIDAD Y MAGNETISMO,7,,Sección 7,LABORAT OBLIG 07,MI 14:30 - 15:50,ALBORNOZ LISETTE,S-SANTIAGO,Vacantes de Carrera,CBF1002_VC07,20
,,,,,,,,,,,,CBF1002,ELECTRICIDAD Y MAGNETISMO,7,,Sección 7,LABORAT OBLIG 07,MI 14:30 - 15:50,BARTOLO LEONARDO MAURICIO,S-SANTIAGO,Vacantes de Carrera,CBF1002_VC07,20
,,,,,,,,,,,,,,,,,,,,,,,
,,,,,,,,,,,,,,,,,,,,,,,
,,,,,,,,,,,,CBF1002,ELECTRICIDAD Y MAGNETISMO,7,,Sección 8,CÁTEDRA 04,LU JU 14:30 - 15:50,POZO JULIO HERMINIO,S-SANTIAGO,Vacantes de Carrera,CBF1002_VC08,39
,,,,,,,,,,,,CBF1002,ELECTRICIDAD Y MAGNETISMO,7,,Sección 8,AYUD OBLIG 04,MA 14:30 - 15:50,SOTO CÉSAR,S-SANTIAGO,Vacantes de Carrera,CBF1002_VC08,39
,,,,,,,,,,,,CBF1002,ELECTRICIDAD Y MAGNETISMO,7,,Sección 8,LABORAT OBLIG 08,MI 14:30 - 15:50,ALBORNOZ LISETTE,S-SANTIAGO,Vacantes de Carrera,CBF1002_VC08,19
,,,,,,,,,,,,CBF1002,ELECTRICIDAD Y MAGNETISMO,7,,Sección 8,LABORAT OBLIG 08,MI 14:30 - 15:50,BARTOLO LEONARDO MAURICIO,S-SANTIAGO,Vacantes de Carrera,CBF1002_VC08,19
,,,,,,,,,,,,,,,,,,,,,,,
,,,,,,,,,,,,,,,,,,,,,,,
,,,,,,,,,,,,CBF1002,ELECTRICIDAD Y MAGNETISMO,7,,Sección 9,LABORAT OBLIG 09,VI 14:30 - 15:50,OLIVARES MARCO ANDRES,S-SANTIAGO,Vacantes de Carrera,CBF1002_VC09,20
,,,,,,,,,,,,CBF1002,ELECTRICIDAD Y MAGNETISMO,7,,Sección 9,AYUD OBLIG 05,MA 14:30 - 15:50,,S-SANTIAGO,Vacantes de Carrera,CBF1002_VC09,40
,,,,,,,,,,,,CBF1002,ELECTRICIDAD Y MAGNETISMO,7,,Sección 9,CÁTEDRA 05,LU JU 14:30 - 15:50,OLIVARES MARCO ANDRES,S-SANTIAGO,Vacantes de Carrera,CBF1002_VC09,40
,,,,,,,,,,,,,,,,,,,,,,,
,,,,,,,,,,,,,,,,,,,,,,,
,,,,,,,,,,,,,,,,,,,,,,,
,,,,,,,,,,,,CBM1000,ÁLGEBRA Y GEOMETRÍA,7,,Sección 1,CÁTEDRA 01,LU MA JU 08:30 - 09:50,LANDERO CARLOS GABRIEL,S-SANTIAGO,Vacantes de Carrera,CBM1000_VC01,35
,,,,,,,,,,,,CBM1000,ÁLGEBRA Y GEOMETRÍA,7,,Sección 1,AYUD OBLIG 01,VI 08:30 - 09:50,,S-SANTIAGO,Vacantes de Carrera,CBM1000_VC01,35
,,,,,,,,,,,,,,,,,,,,,,,
,,,,,,,,,,,,,,,,,,,,,,,
,,,,,,,,,,,,CBM1000,ÁLGEBRA Y GEOMETRÍA,7,,Sección 2,CÁTEDRA 02,LU MA JU 08:30 - 09:50,CASADO ANDREA,S-SANTIAGO,Vacantes de Carrera,CBM1000_VC02,35
,,,,,,,,,,,,CBM1000,ÁLGEBRA Y GEOMETRÍA,7,,Sección 2,AYUD OBLIG 02,VI 08:30 - 09:50,,S-SANTIAGO,Vacantes de Carrera,CBM1000_VC02,35
,,,,,,,,,,,,,,,,,,,,,,,
,,,,,,,,,,,,,,,,,,,,,,,
,,,,,,,,,,,,CBM1000,ÁLGEBRA Y GEOMETRÍA,7,,Sección 3,CÁTEDRA 03,LU MA JU 11:30 - 12:50,SAAVEDRA IGNACIO EDUARDO,S-SANTIAGO,Vacantes de Carrera,CBM1000_VC03,35
,,,,,,,,,,,,CBM1000,ÁLGEBRA Y GEOMETRÍA,7,,Sección 3,AYUD OBLIG 03,VI 11:30 - 12:50,,S-SANTIAGO,Vacantes de Carrera,CBM1000_VC03,35
,,,,,,,,,,,,,,,,,,,,,,,
,,,,,,,,,,,,,,,,,,,,,,,
,,,,,,,,,,,,CBM1000,ÁLGEBRA Y GEOMETRÍA,7,,Sección 4,CÁTEDRA 04,LU MA JU 11:30 - 12:50,RIVERO ROSA ELVIRA,S-SANTIAGO,Vacantes de Carrera,CBM1000_VC04,35
,,,,,,,,,,,,CBM1000,ÁLGEBRA Y GEOMETRÍA,7,,Sección 4,AYUD OBLIG 04,VI 11:30 - 12:50,,S-SANTIAGO,Vacantes de Carrera,CBM1000_VC04,35
,,,,,,,,,,,,,,,,,,,,,,,
,,,,,,,,,,,,,,,,,,,,,,,
,,,,,,,,,,,,CBM1000,ÁLGEBRA Y GEOMETRÍA,7,,Sección 5,CÁTEDRA 05,LU MA JU 11:30 - 12:50,CASADO ANDREA,S-SANTIAGO,Vacantes de Carrera,CBM1000_VC05,35
,,,,,,,,,,,,CBM1000,ÁLGEBRA Y GEOMETRÍA,7,,Sección 5,AYUD OBLIG 05,VI 11:30 - 12:50,,S-SANTIAGO,Vacantes de Carrera,CBM1000_VC05,35
,,,,,,,,,,,,,,,,,,,,,,,
,,,,,,,,,,,,,,,,,,,,,,,
,,,,,,,,,,,,CBM1000,ÁLGEBRA Y GEOMETRÍA,7,,Sección 6,CÁTEDRA 06,LU MA JU 13:00 - 14:20,CASADO ANDREA,S-SANTIAGO,Vacantes de Carrera,CBM1000_VC06,35
,,,,,,,,,,,,CBM1000,ÁLGEBRA Y GEOMETRÍA,7,,Sección 6,AYUD OBLIG 06,VI 13:00 - 14:20,,S-SANTIAGO,Vacantes de Carrera,CBM1000_VC06,35
,,,,,,,,,,,,,,,,,,,,,,,
,,,,,,,,,,,,,,,,,,,,,,,
,,,,,,,,,,,,CBM1000,ÁLGEBRA Y GEOMETRÍA,7,,Sección 7,CÁTEDRA 07,LU MA JU 14:30 - 15:50,MARTI EMILIO ANDRES,S-SANTIAGO,Vacantes de Carrera,CBM1000_VC07,35
,,,,,,,,,,,,CBM1000,ÁLGEBRA Y GEOMETRÍA,7,,Sección 7,AYUD OBLIG 07,VI 14:30 - 15:50,,S-SANTIAGO,Vacantes de Carrera,CBM1000_VC07,35
,,,,,,,,,,,,,,,,,,,,,,,
,,,,,,,,,,,,,,,,,,,,,,,
,,,,,,,,,,,,CBM1000,ÁLGEBRA Y GEOMETRÍA,7,,Sección 8,CÁTEDRA 08,LU MA JU 14:30 - 15:50,ROSSEL JUAN BAUDILIO,S-SANTIAGO,Vacantes de Carrera,CBM1000_VC08,35
,,,,,,,,,,,,CBM1000,ÁLGEBRA Y GEOMETRÍA,7,,Sección 8,AYUD OBLIG 08,VI 14:30 - 15:50,,S-SANTIAGO,Vacantes de Carrera,CBM1000_VC08,35
,,,,,,,,,,,,,,,,,,,,,,,
,,,,,,,,,,,,,,,,,,,,,,,
,,,,,,,,,,,,CBM1000,ÁLGEBRA Y GEOMETRÍA,7,,Sección 9,CÁTEDRA 09,LU MA JU 14:30 - 15:50,MUÑOZ JUAN ESTEBAN EDUARDO,S-SANTIAGO,Vacantes de Carrera,CBM1000_VC09,35
,,,,,,,,,,,,CBM1000,ÁLGEBRA Y GEOMETRÍA,7,,Sección 9,AYUD OBLIG 09,VI 14:30 - 15:50,,S-SANTIAGO,Vacantes de Carrera,CBM1000_VC09,35
,,,,,,,,,,,,,,,,,,,,,,,
,,,,,,,,,,,,,,,,,,,,,,,
,,,,,,,,,,,,,,,,,,,,,,,
,,,,,,,,,,,,CBM1001,CÁLCULO I,7,,Sección 1,AYUD TALLER 01,MI 10:00 - 11:20,SAAVEDRA IGNACIO EDUARDO,S-SANTIAGO,Vacantes de Carrera,CBM1001_VC01,20
,,,,,,,,,,,,CBM1001,CÁLCULO I,7,,Sección 1,CÁTEDRA 01,LU MA JU 16:00 - 17:20,LOPEZ MARIA GABRIELA,S-SANTIAGO,Vacantes de Carrera,CBM1001_VC01,120
,,,,,,,,,,,,,,,,,,,,,,,
,,,,,,,,,,,,,,,,,,,,,,,
,,,,,,,,,,,,CBM1001,CÁLCULO I,7,,Sección 10,CÁTEDRA 02,LU MA JU 17:25 - 18:45,MARTI EMILIO ANDRES,S-SANTIAGO,Vacantes de Carrera,CBM1001_VC10,120
,,,,,,,,,,,,CBM1001,CÁLCULO I,7,,Sección 10,AYUD TALLER 10,VI 10:00 - 11:20,NEIRA TOMAS ALFONSO,S-SANTIAGO,Vacantes de Carrera,CBM1001_VC10,20
,,,,,,,,,,,,,,,,,,,,,,,
,,,,,,,,,,,,,,,,,,,,,,,
,,,,,,,,,,,,CBM1001,CÁLCULO I,7,,Sección 11,CÁTEDRA 03,LU MA JU 16:00 - 17:20,GALLEGOS CLAUDIO ANDRES,S-SANTIAGO,Vacantes de Carrera,CBM1001_VC11,120
,,,,,,,,,,,,CBM1001,CÁLCULO I,7,,Sección 11,AYUD TALLER 11,MI 10:00 - 11:20,MATURANA HUGO,S-SANTIAGO,Vacantes de Carrera,CBM1001_VC11,20
,,,,,,,,,,,,CBM1001,CÁLCULO I,7,,Sección 11,CÁTEDRA 03,LU MA JU 16:00 - 17:20,CONTRERAS MARIELA,S-SANTIAGO,Vacantes de Carrera,CBM1001_VC11,120
,,,,,,,,,,,,,,,,,,,,,,,
,,,,,,,,,,,,,,,,,,,,,,,
,,,,,,,,,,,,CBM1001,CÁLCULO I,7,,Sección 12,AYUD TALLER 12,MI 10:00 - 11:20,DOTTE PABLO,S-SANTIAGO,Vacantes de Carrera,CBM1001_VC12,20
,,,,,,,,,,,,CBM1001,CÁLCULO I,7,,Sección 12,CÁTEDRA 03,LU MA JU 16:00 - 17:20,CONTRERAS MARIELA,S-SANTIAGO,Vacantes de Carrera,CBM1001_VC12,120
,,,,,,,,,,,,CBM1001,CÁLCULO I,7,,Sección 12,CÁTEDRA 03,LU MA JU 16:00 - 17:20,GALLEGOS CLAUDIO ANDRES,S-SANTIAGO,Vacantes de Carrera,CBM1001_VC12,120
,,,,,,,,,,,,,,,,,,,,,,,
,,,,,,,,,,,,,,,,,,,,,,,
,,,,,,,,,,,,CBM1001,CÁLCULO I,7,,Sección 13,CÁTEDRA 03,LU MA JU 16:00 - 17:20,GALLEGOS CLAUDIO ANDRES,S-SANTIAGO,Vacantes de Carrera,CBM1001_VC13,120
,,,,,,,,,,,,CBM1001,CÁLCULO I,7,,Sección 13,CÁTEDRA 03,LU MA JU 16:00 - 17:20,CONTRERAS MARIELA,S-SANTIAGO,Vacantes de Carrera,CBM1001_VC13,120
,,,,,,,,,,,,CBM1001,CÁLCULO I,7,,Sección 13,AYUD TALLER 13,MI 13:00 - 14:20,MATURANA HUGO,S-SANTIAGO,Vacantes de Carrera,CBM1001_VC13,20
,,,,,,,,,,,,,,,,,,,,,,,
,,,,,,,,,,,,,,,,,,,,,,,
,,,,,,,,,,,,CBM1001,CÁLCULO I,7,,Sección 14,CÁTEDRA 03,LU MA JU 16:00 - 17:20,GALLEGOS CLAUDIO ANDRES,S-SANTIAGO,Vacantes de Carrera,CBM1001_VC14,120
,,,,,,,,,,,,CBM1001,CÁLCULO I,7,,Sección 14,AYUD TALLER 14,MI 13:00 - 14:20,DOTTE PABLO,S-SANTIAGO,Vacantes de Carrera,CBM1001_VC14,20
,,,,,,,,,,,,CBM1001,CÁLCULO I,7,,Sección 14,CÁTEDRA 03,LU MA JU 16:00 - 17:20,CONTRERAS MARIELA,S-SANTIAGO,Vacantes de Carrera,CBM1001_VC14,120
,,,,,,,,,,,,,,,,,,,,,,,
,,,,,,,,,,,,,,,,,,,,,,,
,,,,,,,,,,,,CBM1001,CÁLCULO I,7,,Sección 15,CÁTEDRA 03,LU MA JU 16:00 - 17:20,GALLEGOS CLAUDIO ANDRES,S-SANTIAGO,Vacantes de Carrera,CBM1001_VC15,120
,,,,,,,,,,,,CBM1001,CÁLCULO I,7,,Sección 15,AYUD TALLER 15,VI 13:00 - 14:20,CAMUS RUBÉN,S-SANTIAGO,Vacantes de Carrera,CBM1001_VC15,20
,,,,,,,,,,,,CBM1001,CÁLCULO I,7,,Sección 15,CÁTEDRA 03,LU MA JU 16:00 - 17:20,CONTRERAS MARIELA,S-SANTIAGO,Vacantes de Carrera,CBM1001_VC15,120
,,,,,,,,,,,,,,,,,,,,,,,
,,,,,,,,,,,,,,,,,,,,,,,
,,,,,,,,,,,,CBM1001,CÁLCULO I,7,,Sección 16,AYUD TALLER 16,MI 14:30 - 15:50,SAAVEDRA IGNACIO EDUARDO,S-SANTIAGO,Vacantes de Carrera,CBM1001_VC17,20
,,,,,,,,,,,,CBM1001,CÁLCULO I,7,,Sección 16,CÁTEDRA 01,LU MA JU 16:00 - 17:20,LOPEZ MARIA GABRIELA,S-SANTIAGO,Vacantes de Carrera,CBM1001_VC17,120
,,,,,,,,,,,,,,,,,,,,,,,
,,,,,,,,,,,,,,,,,,,,,,,
,,,,,,,,,,,,CBM1001,CÁLCULO I,7,,Sección 17,CÁTEDRA 02,LU MA JU 17:25 - 18:45,MARTI EMILIO ANDRES,S-SANTIAGO,Vacantes de Carrera,CBM1001_VC18,120
,,,,,,,,,,,,CBM1001,CÁLCULO I,7,,Sección 17,AYUD TALLER 17,MI 14:30 - 15:50,BRAYOVIC BORIS ALEXANDER,S-SANTIAGO,Vacantes de Carrera,CBM1001_VC18,20
,,,,,,,,,,,,,,,,,,,,,,,
,,,,,,,,,,,,,,,,,,,,,,,
,,,,,,,,,,,,CBM1001,CÁLCULO I,7,,Sección 18,CÁTEDRA 03,LU MA JU 16:00 - 17:20,GALLEGOS CLAUDIO ANDRES,S-SANTIAGO,Vacantes de Carrera,CBM1001_VC19,120
,,,,,,,,,,,,CBM1001,CÁLCULO I,7,,Sección 18,AYUD TALLER 18,VI 13:00 - 14:20,NEIRA TOMAS ALFONSO,S-SANTIAGO,Vacantes de Carrera,CBM1001_VC19,20
,,,,,,,,,,,,CBM1001,CÁLCULO I,7,,Sección 18,CÁTEDRA 03,LU MA JU 16:00 - 17:20,CONTRERAS MARIELA,S-SANTIAGO,Vacantes de Carrera,CBM1001_VC19,120
,,,,,,,,,,,,,,,,,,,,,,,
,,,,,,,,,,,,,,,,,,,,,,,
,,,,,,,,,,,,CBM1001,CÁLCULO I,7,,Sección 2,AYUD TALLER 02,MI 10:00 - 11:20,BRAYOVIC BORIS ALEXANDER,S-SANTIAGO,Vacantes de Carrera,CBM1001_VC02,20
,,,,,,,,,,,,CBM1001,CÁLCULO I,7,,Sección 2,CÁTEDRA 01,LU MA JU 16:00 - 17:20,LOPEZ MARIA GABRIELA,S-SANTIAGO,Vacantes de Carrera,CBM1001_VC02,120
,,,,,,,,,,,,,,,,,,,,,,,
,,,,,,,,,,,,,,,,,,,,,,,
,,,,,,,,,,,,CBM1001,CÁLCULO I,7,,Sección 3,AYUD TALLER 03,MI 13:00 - 14:20,SAAVEDRA IGNACIO EDUARDO,S-SANTIAGO,Vacantes de Carrera,CBM1001_VC03,20
,,,,,,,,,,,,CBM1001,CÁLCULO I,7,,Sección 3,CÁTEDRA 01,LU MA JU 16:00 - 17:20,LOPEZ MARIA GABRIELA,S-SANTIAGO,Vacantes de Carrera,CBM1001_VC03,120
,,,,,,,,,,,,,,,,,,,,,,,
,,,,,,,,,,,,,,,,,,,,,,,
,,,,,,,,,,,,CBM1001,CÁLCULO I,7,,Sección 4,CÁTEDRA 01,LU MA JU 16:00 - 17:20,LOPEZ MARIA GABRIELA,S-SANTIAGO,Vacantes de Carrera,CBM1001_VC04,120
,,,,,,,,,,,,CBM1001,CÁLCULO I,7,,Sección 4,AYUD TALLER 04,MI 13:00 - 14:20,BRAYOVIC BORIS ALEXANDER,S-SANTIAGO,Vacantes de Carrera,CBM1001_VC04,20
,,,,,,,,,,,,,,,,,,,,,,,
,,,,,,,,,,,,,,,,,,,,,,,
,,,,,,,,,,,,CBM1001,CÁLCULO I,7,,Sección 5,CÁTEDRA 01,LU MA JU 16:00 - 17:20,LOPEZ MARIA GABRIELA,S-SANTIAGO,Vacantes de Carrera,CBM1001_VC05,120
,,,,,,,,,,,,CBM1001,CÁLCULO I,7,,Sección 5,AYUD TALLER 05,VI 10:00 - 11:20,CAMUS RUBÉN,S-SANTIAGO,Vacantes de Carrera,CBM1001_VC05,20
,,,,,,,,,,,,,,,,,,,,,,,
,,,,,,,,,,,,,,,,,,,,,,,
,,,,,,,,,,,,CBM1001,CÁLCULO I,7,,Sección 6,CÁTEDRA 02,LU MA JU 17:25 - 18:45,MARTI EMILIO ANDRES,S-SANTIAGO,Vacantes de Carrera,CBM1001_VC06,120
,,,,,,,,,,,,CBM1001,CÁLCULO I,7,,Sección 6,AYUD TALLER 06,MI 10:00 - 11:20,MORALES ROBERTO ALEJANDRO,S-SANTIAGO,Vacantes de Carrera,CBM1001_VC06,20
,,,,,,,,,,,,,,,,,,,,,,,
,,,,,,,,,,,,,,,,,,,,,,,
,,,,,,,,,,,,CBM1001,CÁLCULO I,7,,Sección 7,CÁTEDRA 02,LU MA JU 17:25 - 18:45,MARTI EMILIO ANDRES,S-SANTIAGO,Vacantes de Carrera,CBM1001_VC07,120
,,,,,,,,,,,,CBM1001,CÁLCULO I,7,,Sección 7,AYUD TALLER 07,MI 10:00 - 11:20,CAMUS RUBÉN,S-SANTIAGO,Vacantes de Carrera,CBM1001_VC07,20
,,,,,,,,,,,,,,,,,,,,,,,
,,,,,,,,,,,,,,,,,,,,,,,
,,,,,,,,,,,,CBM1001,CÁLCULO I,7,,Sección 8,CÁTEDRA 02,LU MA JU 17:25 - 18:45,MARTI EMILIO ANDRES,S-SANTIAGO,Vacantes de Carrera,CBM1001_VC08,120
,,,,,,,,,,,,CBM1001,CÁLCULO I,7,,Sección 8,AYUD TALLER 08,MI 13:00 - 14:20,MORALES ROBERTO ALEJANDRO,S-SANTIAGO,Vacantes de Carrera,CBM1001_VC08,20
,,,,,,,,,,,,,,,,,,,,,,,
,,,,,,,,,,,,,,,,,,,,,,,
,,,,,,,,,,,,CBM1001,CÁLCULO I,7,,Sección 9,AYUD TALLER 09,MI 13:00 - 14:20,CAMUS RUBÉN,S-SANTIAGO,Vacantes de Carrera,CBM1001_VC09,20
,,,,,,,,,,,,CBM1001,CÁLCULO I,7,,Sección 9,CÁTEDRA 02,LU MA JU 17:25 - 18:45,MARTI EMILIO ANDRES,S-SANTIAGO,Vacantes de Carrera,CBM1001_VC09,120
,,,,,,,,,,,,,,,,,,,,,,,
,,,,,,,,,,,,,,,,,,,,,,,
,,,,,,,,,,,,,,,,,,,,,,,
,,,,,,,,,,,,CBM1002,ÁLGEBRA LINEAL,6,,Sección 1,CÁTEDRA 01,MA JU VI 08:30 - 09:50,LOPEZ MARIA GABRIELA,S-SANTIAGO,Vacantes de Carrera,CBM1002_VC01,36
,,,,,,,,,,,,CBM1002,ÁLGEBRA LINEAL,6,,Sección 1,AYUD OBLIG 01,LU 08:30 - 09:50,,S-SANTIAGO,Vacantes de Carrera,CBM1002_VC01,36
,,,,,,,,,,,,,,,,,,,,,,,
,,,,,,,,,,,,,,,,,,,,,,,
,,,,,,,,,,,,CBM1002,ÁLGEBRA LINEAL,6,,Sección 10,CÁTEDRA 10,LU MA JU 14:30 - 15:50,SAAVEDRA IGNACIO EDUARDO,S-SANTIAGO,Vacantes de Carrera,CBM1002_VC10,36
,,,,,,,,,,,,CBM1002,ÁLGEBRA LINEAL,6,,Sección 10,AYUD OBLIG 10,MI 14:30 - 15:50,RIVERA PAULA,S-SANTIAGO,Vacantes de Carrera,CBM1002_VC10,36
,,,,,,,,,,,,,,,,,,,,,,,
,,,,,,,,,,,,,,,,,,,,,,,
,,,,,,,,,,,,CBM1002,ÁLGEBRA LINEAL,6,,Sección 2,CÁTEDRA 02,LU MA JU 08:30 - 09:50,ROSSEL JUAN BAUDILIO,S-SANTIAGO,Vacantes de Carrera,CBM1002_VC02,36
,,,,,,,,,,,,CBM1002,ÁLGEBRA LINEAL,6,,Sección 2,AYUD OBLIG 02,VI 08:30 - 09:50,YURETIC MILKO,S-SANTIAGO,Vacantes de Carrera,CBM1002_VC02,36
,,,,,,,,,,,,,,,,,,,,,,,
,,,,,,,,,,,,,,,,,,,,,,,
,,,,,,,,,,,,CBM1002,ÁLGEBRA LINEAL,6,,Sección 3,CÁTEDRA 03,MA JU VI 10:00 - 11:20,LOPEZ MARIA GABRIELA,S-SANTIAGO,Vacantes de Carrera,CBM1002_VC03,36
,,,,,,,,,,,,CBM1002,ÁLGEBRA LINEAL,6,,Sección 3,AYUD OBLIG 03,VI 10:00 - 11:20,SEQUEIDA JOAQUÍN,S-SANTIAGO,Vacantes de Carrera,CBM1002_VC03,36
,,,,,,,,,,,,,,,,,,,,,,,
,,,,,,,,,,,,,,,,,,,,,,,
,,,,,,,,,,,,CBM1002,ÁLGEBRA LINEAL,6,,Sección 4,CÁTEDRA 04,LU MA JU 10:00 - 11:20,ROSSEL JUAN BAUDILIO,S-SANTIAGO,Vacantes de Carrera,CBM1002_VC04,36
,,,,,,,,,,,,CBM1002,ÁLGEBRA LINEAL,6,,Sección 4,AYUD OBLIG 04,VI 10:00 - 11:20,,S-SANTIAGO,Vacantes de Carrera,CBM1002_VC04,36
,,,,,,,,,,,,,,,,,,,,,,,
,,,,,,,,,,,,,,,,,,,,,,,
,,,,,,,,,,,,CBM1002,ÁLGEBRA LINEAL,6,,Sección 5,AYUD OBLIG 05,VI 10:00 - 11:20,ACEVEDO ANDRÉS,S-SANTIAGO,Vacantes de Carrera,CBM1002_VC05,36
,,,,,,,,,,,,CBM1002,ÁLGEBRA LINEAL,6,,Sección 5,CÁTEDRA 05,LU MA JU 10:00 - 11:20,BRAYOVIC BORIS ALEXANDER,S-SANTIAGO,Vacantes de Carrera,CBM1002_VC05,36
,,,,,,,,,,,,,,,,,,,,,,,
,,,,,,,,,,,,,,,,,,,,,,,
,,,,,,,,,,,,CBM1002,ÁLGEBRA LINEAL,6,,Sección 6,CÁTEDRA 06,LU MA JU 11:30 - 12:50,GALLEGOS CLAUDIO ANDRES,S-SANTIAGO,Vacantes de Carrera,CBM1002_VC06,36
,,,,,,,,,,,,CBM1002,ÁLGEBRA LINEAL,6,,Sección 6,AYUD OBLIG 06,VI 11:30 - 12:50,RIVERA PAULA,S-SANTIAGO,Vacantes de Carrera,CBM1002_VC06,36
,,,,,,,,,,,,,,,,,,,,,,,
,,,,,,,,,,,,,,,,,,,,,,,
,,,,,,,,,,,,CBM1002,ÁLGEBRA LINEAL,6,,Sección 7,CÁTEDRA 07,LU MA JU 11:30 - 12:50,BRAYOVIC BORIS ALEXANDER,S-SANTIAGO,Vacantes de Carrera,CBM1002_VC07,36
,,,,,,,,,,,,CBM1002,ÁLGEBRA LINEAL,6,,Sección 7,AYUD OBLIG 07,VI 11:30 - 12:50,CAPUÑAY JERSON,S-SANTIAGO,Vacantes de Carrera,CBM1002_VC07,36
,,,,,,,,,,,,,,,,,,,,,,,
,,,,,,,,,,,,,,,,,,,,,,,
,,,,,,,,,,,,CBM1002,ÁLGEBRA LINEAL,6,,Sección 8,CÁTEDRA 08,LU MA JU 13:00 - 14:20,GALLEGOS CLAUDIO ANDRES,S-SANTIAGO,Vacantes de Carrera,CBM1002_VC08,36
,,,,,,,,,,,,CBM1002,ÁLGEBRA LINEAL,6,,Sección 8,AYUD OBLIG 08,MI 13:00 - 14:20,CONTRERAS MARIELA,S-SANTIAGO,Vacantes de Carrera,CBM1002_VC08,36
,,,,,,,,,,,,,,,,,,,,,,,
,,,,,,,,,,,,,,,,,,,,,,,
,,,,,,,,,,,,CBM1002,ÁLGEBRA LINEAL,6,,Sección 9,CÁTEDRA 09,LU MA JU 14:30 - 15:50,LANDERO CARLOS GABRIEL,S-SANTIAGO,Vacantes de Carrera,CBM1002_VC09,36
,,,,,,,,,,,,CBM1002,ÁLGEBRA LINEAL,6,,Sección 9,AYUD OBLIG 09,MI 14:30 - 15:50,RAMÍREZ BASTIÁN,S-SANTIAGO,Vacantes de Carrera,CBM1002_VC09,36
,,,,,,,,,,,,,,,,,,,,,,,
,,,,,,,,,,,,,,,,,,,,,,,
,,,,,,,,,,,,,,,,,,,,,,,
,,,,,,,,,,,,CBM1003,CÁLCULO II,6,,Sección 1,CÁTEDRA 01,LU MA JU 10:00 - 11:20,LANDERO CARLOS GABRIEL,S-SANTIAGO,Vacantes de Carrera,CBM1003_VC01,36
,,,,,,,,,,,,CBM1003,CÁLCULO II,6,,Sección 1,AYUD OBLIG 01,VI 10:00 - 11:20,HERNANDEZ EDUARDO MATIAS,S-SANTIAGO,Vacantes de Carrera,CBM1003_VC01,36
,,,,,,,,,,,,,,,,,,,,,,,
,,,,,,,,,,,,,,,,,,,,,,,
,,,,,,,,,,,,CBM1003,CÁLCULO II,6,,Sección 10,CÁTEDRA 10,LU MA JU 16:00 - 17:20,ROSSEL JUAN BAUDILIO,S-SANTIAGO,Vacantes de Carrera,CBM1003_VC10,36
,,,,,,,,,,,,CBM1003,CÁLCULO II,6,,Sección 10,AYUD OBLIG 10,MI 16:00 - 17:20,ZÚÑIGA DIEGO,S-SANTIAGO,Vacantes de Carrera,CBM1003_VC10,36
,,,,,,,,,,,,,,,,,,,,,,,
,,,,,,,,,,,,,,,,,,,,,,,
,,,,,,,,,,,,CBM1003,CÁLCULO II,6,,Sección 2,CÁTEDRA 02,LU MA JU 10:00 - 11:20,SAAVEDRA IGNACIO EDUARDO,S-SANTIAGO,Vacantes de Carrera,CBM1003_VC02,36
,,,,,,,,,,,,CBM1003,CÁLCULO II,6,,Sección 2,AYUD OBLIG 02,VI 10:00 - 11:20,BARAHONA JOSÉ,S-SANTIAGO,Vacantes de Carrera,CBM1003_VC02,36
,,,,,,,,,,,,,,,,,,,,,,,
,,,,,,,,,,,,,,,,,,,,,,,
,,,,,,,,,,,,CBM1003,CÁLCULO II,6,,Sección 3,CÁTEDRA 03,MA JU VI 11:30 - 12:50,LOPEZ MARIA GABRIELA,S-SANTIAGO,Vacantes de Carrera,CBM1003_VC03,36
,,,,,,,,,,,,CBM1003,CÁLCULO II,6,,Sección 3,AYUD OBLIG 03,LU 11:30 - 12:50,ECHEVERRÍA MATÍAS,S-SANTIAGO,Vacantes de Carrera,CBM1003_VC03,36
,,,,,,,,,,,,,,,,,,,,,,,
,,,,,,,,,,,,,,,,,,,,,,,
,,,,,,,,,,,,CBM1003,CÁLCULO II,6,,Sección 4,CÁTEDRA 04,LU MA JU 11:30 - 12:50,SCHUMACHER SANDY HELKE,S-SANTIAGO,Vacantes de Carrera,CBM1003_VC04,36
,,,,,,,,,,,,CBM1003,CÁLCULO II,6,,Sección 4,AYUD OBLIG 04,VI 11:30 - 12:50,CASTILLO BARBARA CONSTANZA,S-SANTIAGO,Vacantes de Carrera,CBM1003_VC04,36
,,,,,,,,,,,,,,,,,,,,,,,
,,,,,,,,,,,,,,,,,,,,,,,
,,,,,,,,,,,,CBM1003,CÁLCULO II,6,,Sección 5,AYUD OBLIG 05,VI 11:30 - 12:50,ESTRADA BELÉN,S-SANTIAGO,Vacantes de Carrera,CBM1003_VC05,36
,,,,,,,,,,,,CBM1003,CÁLCULO II,6,,Sección 5,CÁTEDRA 05,LU MA JU 11:30 - 12:50,MATURANA HUGO,S-SANTIAGO,Vacantes de Carrera,CBM1003_VC05,36
,,,,,,,,,,,,,,,,,,,,,,,
,,,,,,,,,,,,,,,,,,,,,,,
,,,,,,,,,,,,CBM1003,CÁLCULO II,6,,Sección 6,CÁTEDRA 06,LU MA JU 13:00 - 14:20,RIVERO ROSA ELVIRA,S-SANTIAGO,Vacantes de Carrera,CBM1003_VC06,36
,,,,,,,,,,,,CBM1003,CÁLCULO II,6,,Sección 6,AYUD OBLIG 06,MI 13:00 - 14:20,CASTILLO BARBARA CONSTANZA,S-SANTIAGO,Vacantes de Carrera,CBM1003_VC06,36
,,,,,,,,,,,,,,,,,,,,,,,
,,,,,,,,,,,,,,,,,,,,,,,
,,,,,,,,,,,,CBM1003,CÁLCULO II,6,,Sección 7,CÁTEDRA 07,LU MA JU 14:30 - 15:50,CORRALES KAREN,S-SANTIAGO,Vacantes de Carrera,CBM1003_VC07,36
,,,,,,,,,,,,CBM1003,CÁLCULO II,6,,Sección 7,AYUD OBLIG 07,MI 14:30 - 15:50,BARAHONA JOSÉ,S-SANTIAGO,Vacantes de Carrera,CBM1003_VC07,36
,,,,,,,,,,,,,,,,,,,,,,,
,,,,,,,,,,,,,,,,,,,,,,,
,,,,,,,,,,,,CBM1003,CÁLCULO II,6,,Sección 8,CÁTEDRA 08,LU MA JU 16:00 - 17:20,LANDERO CARLOS GABRIEL,S-SANTIAGO,Vacantes de Carrera,CBM1003_VC08,36
,,,,,,,,,,,,CBM1003,CÁLCULO II,6,,Sección 8,AYUD OBLIG 08,MI 16:00 - 17:20,FERNÁNDEZ JORGE,S-SANTIAGO,Vacantes de Carrera,CBM1003_VC08,36
,,,,,,,,,,,,,,,,,,,,,,,
,,,,,,,,,,,,,,,,,,,,,,,
,,,,,,,,,,,,CBM1003,CÁLCULO II,6,,Sección 9,CÁTEDRA 09,LU MA JU 16:00 - 17:20,MARTI EMILIO ANDRES,S-SANTIAGO,Vacantes de Carrera,CBM1003_VC09,36
,,,,,,,,,,,,CBM1003,CÁLCULO II,6,,Sección 9,AYUD OBLIG 09,MI 16:00 - 17:20,DUARTE ASHLEY,S-SANTIAGO,Vacantes de Carrera,CBM1003_VC09,36
,,,,,,,,,,,,,,,,,,,,,,,
,,,,,,,,,,,,,,,,,,,,,,,
,,,,,,,,,,,,,,,,,,,,,,,
,,,,,,,,,,,,CBM1005,ECUACIONES DIFERENCIALES,6,,Sección 1,CÁTEDRA 01,LU JU 08:30 - 09:50,LOPEZ JULIO CESAR,S-SANTIAGO,Vacantes de Carrera,CBM1005_VC01,38
,,,,,,,,,,,,CBM1005,ECUACIONES DIFERENCIALES,6,,Sección 1,AYUD OBLIG 01,MI 08:30 - 09:50,RIVEROS ISAAC,S-SANTIAGO,Vacantes de Carrera,CBM1005_VC01,38
,,,,,,,,,,,,,,,,,,,,,,,
,,,,,,,,,,,,,,,,,,,,,,,
,,,,,,,,,,,,CBM1005,ECUACIONES DIFERENCIALES,6,,Sección 2,AYUD 0BLIG 02,MI 08:30 - 09:50,,S-SANTIAGO,Vacantes de Carrera,CBM1005_VC02,38
,,,,,,,,,,,,CBM1005,ECUACIONES DIFERENCIALES,6,,Sección 2,CÁTEDRA 02,LU JU 08:30 - 09:50,SAAVEDRA IGNACIO EDUARDO,S-SANTIAGO,Vacantes de Carrera,CBM1005_VC02,38
,,,,,,,,,,,,,,,,,,,,,,,
,,,,,,,,,,,,,,,,,,,,,,,
,,,,,,,,,,,,CBM1005,ECUACIONES DIFERENCIALES,6,,Sección 3,CÁTEDRA 03,LU JU 10:00 - 11:20,LOPEZ JULIO CESAR,S-SANTIAGO,Vacantes de Carrera,CBM1005_VC03,38
,,,,,,,,,,,,CBM1005,ECUACIONES DIFERENCIALES,6,,Sección 3,AYUD OBLIG 03,MI 10:00 - 11:20,RIVEROS ISAAC,S-SANTIAGO,Vacantes de Carrera,CBM1005_VC03,38
,,,,,,,,,,,,,,,,,,,,,,,
,,,,,,,,,,,,,,,,,,,,,,,
,,,,,,,,,,,,CBM1005,ECUACIONES DIFERENCIALES,6,,Sección 4,CÁTEDRA 04,LU JU 14:30 - 15:50,LOPEZ MARIA GABRIELA,S-SANTIAGO,Vacantes de Carrera,CBM1005_VC04,38
,,,,,,,,,,,,CBM1005,ECUACIONES DIFERENCIALES,6,,Sección 4,AYUD OBLIG 04,MI 14:30 - 15:50,,S-SANTIAGO,Vacantes de Carrera,CBM1005_VC04,38
,,,,,,,,,,,,,,,,,,,,,,,
,,,,,,,,,,,,,,,,,,,,,,,
,,,,,,,,,,,,CBM1005,ECUACIONES DIFERENCIALES,6,,Sección 5,CÁTEDRA 05,LU JU 16:00 - 17:20,CARRILLO HUGO,S-SANTIAGO,Vacantes de Carrera,CBM1005_VC05,38
,,,,,,,,,,,,CBM1005,ECUACIONES DIFERENCIALES,6,,Sección 5,AYUD OBLIG 05,MI 16:00 - 17:20,ECHEVERRÍA MATÍAS,S-SANTIAGO,Vacantes de Carrera,CBM1005_VC05,38
,,,,,,,,,,,,,,,,,,,,,,,
,,,,,,,,,,,,,,,,,,,,,,,
,,,,,,,,,,,,,,,,,,,,,,,
,,,,,,,,,,,,CBM1006,CÁLCULO III,6,,Sección 1,CÁTEDRA 01,MI JU 10:00 - 11:20,MARTI EMILIO ANDRES,S-SANTIAGO,Vacantes de Carrera,CBM1006_VC01,38
,,,,,,,,,,,,CBM1006,CÁLCULO III,6,,Sección 1,AYUD OBLIG 01,LU 10:00 - 11:20,,S-SANTIAGO,Vacantes de Carrera,CBM1006_VC01,38
,,,,,,,,,,,,,,,,,,,,,,,
,,,,,,,,,,,,,,,,,,,,,,,
,,,,,,,,,,,,CBM1006,CÁLCULO III,6,,Sección 2,CÁTEDRA 02,LU JU 10:00 - 11:20,CONTRERAS JAIME GILBERTO,S-SANTIAGO,Vacantes de Carrera,CBM1006_VC02,38
,,,,,,,,,,,,CBM1006,CÁLCULO III,6,,Sección 2,AYUD OBLIG 02,MI 10:00 - 11:20,FERNÁNDEZ JORGE,S-SANTIAGO,Vacantes de Carrera,CBM1006_VC02,38
,,,,,,,,,,,,,,,,,,,,,,,
,,,,,,,,,,,,,,,,,,,,,,,
,,,,,,,,,,,,CBM1006,CÁLCULO III,6,,Sección 3,CÁTEDRA 03,LU JU 10:00 - 11:20,MARECHAL MATTHIEU PHILIPPE,S-SANTIAGO,Vacantes de Carrera,CBM1006_VC03,38
,,,,,,,,,,,,CBM1006,CÁLCULO III,6,,Sección 3,AYUD OBLIG 03,MI 10:00 - 11:20,RAMÍREZ BASTIÁN,S-SANTIAGO,Vacantes de Carrera,CBM1006_VC03,38
,,,,,,,,,,,,,,,,,,,,,,,
,,,,,,,,,,,,,,,,,,,,,,,
,,,,,,,,,,,,CBM1006,CÁLCULO III,6,,Sección 4,CÁTEDRA 04,LU JU 11:30 - 12:50,MARTI EMILIO ANDRES,S-SANTIAGO,Vacantes de Carrera,CBM1006_VC04,38
,,,,,,,,,,,,CBM1006,CÁLCULO III,6,,Sección 4,AYUD OBLIG 04,VI 11:30 - 12:50,CONCHA DANIEL,S-SANTIAGO,Vacantes de Carrera,CBM1006_VC04,38
,,,,,,,,,,,,,,,,,,,,,,,
,,,,,,,,,,,,,,,,,,,,,,,
,,,,,,,,,,,,CBM1006,CÁLCULO III,6,,Sección 5,AYUD OBLIG 05,VI 11:30 - 12:50,,S-SANTIAGO,Vacantes de Carrera,CBM1006_VC05,38
,,,,,,,,,,,,CBM1006,CÁLCULO III,6,,Sección 5,CÁTEDRA 05,LU JU 11:30 - 12:50,ROSSEL JUAN BAUDILIO,S-SANTIAGO,Vacantes de Carrera,CBM1006_VC05,38
,,,,,,,,,,,,,,,,,,,,,,,
,,,,,,,,,,,,,,,,,,,,,,,
,,,,,,,,,,,,CBM1006,CÁLCULO III,6,,Sección 6,CÁTEDRA 06,LU JU 11:30 - 12:50,LANDERO CARLOS GABRIEL,S-SANTIAGO,Vacantes de Carrera,CBM1006_VC06,38
,,,,,,,,,,,,CBM1006,CÁLCULO III,6,,Sección 6,AYUD OBLIG 06,VI 11:30 - 12:50,VALDIVIA FELIPE,S-SANTIAGO,Vacantes de Carrera,CBM1006_VC06,38
,,,,,,,,,,,,,,,,,,,,,,,
,,,,,,,,,,,,,,,,,,,,,,,
,,,,,,,,,,,,CBM1006,CÁLCULO III,6,,Sección 7,CÁTEDRA 07,LU JU 13:00 - 14:20,CORRALES KAREN,S-SANTIAGO,Vacantes de Carrera,CBM1006_VC07,38
,,,,,,,,,,,,CBM1006,CÁLCULO III,6,,Sección 7,AYUD OBLIG 07,VI 13:00 - 14:20,CONCHA DANIEL,S-SANTIAGO,Vacantes de Carrera,CBM1006_VC07,38
,,,,,,,,,,,,,,,,,,,,,,,
,,,,,,,,,,,,,,,,,,,,,,,
,,,,,,,,,,,,CBM1006,CÁLCULO III,6,,Sección 8,CÁTEDRA 08,LU JU 13:00 - 14:20,CONTRERAS JAIME GILBERTO,S-SANTIAGO,Vacantes de Carrera,CBM1006_VC08,38
,,,,,,,,,,,,CBM1006,CÁLCULO III,6,,Sección 8,AYUD OBLIG 08,VI 13:00 - 14:20,RODRÍGUEZ NICOLÁS,S-SANTIAGO,Vacantes de Carrera,CBM1006_VC08,38
,,,,,,,,,,,,,,,,,,,,,,,
,,,,,,,,,,,,,,,,,,,,,,,
,,,,,,,,,,,,,,,,,,,,,,,
,,,,,,,,,,,,CBQ1000,QUÍMICA,6,,Sección 1,AYUD OBLIG 01,MI 08:30 - 09:50,,S-SANTIAGO,Vacantes de Carrera,CBQ1000_VC01,38
,,,,,,,,,,,,CBQ1000,QUÍMICA,6,,Sección 1,CÁTEDRA 01,LU JU 08:30 - 09:50,OPAZO EDITH ALEJANDRA,S-SANTIAGO,Vacantes de Carrera,CBQ1000_VC01,38
,,,,,,,,,,,,,,,,,,,,,,,
,,,,,,,,,,,,,,,,,,,,,,,
,,,,,,,,,,,,CBQ1000,QUÍMICA,6,,Sección 2,CÁTEDRA 02,LU JU 10:00 - 11:20,AILLON MILTON DANIEL,S-SANTIAGO,Vacantes de Carrera,CBQ1000_VC02,38
,,,,,,,,,,,,CBQ1000,QUÍMICA,6,,Sección 2,AYUD OBLIG 02,MI 10:00 - 11:20,OLIVARES FRANCISCA,S-SANTIAGO,Vacantes de Carrera,CBQ1000_VC02,38
,,,,,,,,,,,,,,,,,,,,,,,
,,,,,,,,,,,,,,,,,,,,,,,
,,,,,,,,,,,,CBQ1000,QUÍMICA,6,,Sección 3,CÁTEDRA 03,MA VI 10:00 - 11:20,REYES NORA LILIAN,S-SANTIAGO,Vacantes de Carrera,CBQ1000_VC03,38
,,,,,,,,,,,,CBQ1000,QUÍMICA,6,,Sección 3,AYUD OBLIG 03,JU 10:00 - 11:20,RODRÍGUEZ NICOLÁS,S-SANTIAGO,Vacantes de Carrera,CBQ1000_VC03,38
,,,,,,,,,,,,,,,,,,,,,,,
,,,,,,,,,,,,,,,,,,,,,,,
,,,,,,,,,,,,,,,,,,,,,,,
,,,,,,,,,,,,CII1000,CONTABILIDAD Y COSTOS,6,ICI3325,Sección 1,CÁTEDRA 01,LU JU 13:00 - 14:20,ESPINOSA NELSON EDUARDO,S-SANTIAGO,Vacantes de Carrera,CII1000_VC01,45
,,,,,,,,,,,,CII1000,CONTABILIDAD Y COSTOS,6,ICI3325,Sección 1,AYUDANTÍA OPCIONAL 01,MI 10:00 - 11:20,,S-SANTIAGO,Vacantes de Carrera,CII1000_VC01,45
,,,,,,,,,,,,,,,,,,,,,,,
,,,,,,,,,,,,CII1000,CONTABILIDAD Y COSTOS,6,ICI3325,Sección 1,CÁTEDRA 01,LU JU 13:00 - 14:20,ESPINOSA NELSON EDUARDO,S-SANTIAGO,Vacantes FG,CII1000_FG01,45
,,,,,,,,,,,,CII1000,CONTABILIDAD Y COSTOS,6,ICI3325,Sección 1,AYUDANTÍA OPCIONAL 01,MI 10:00 - 11:20,,S-SANTIAGO,Vacantes FG,CII1000_FG01,45
,,,,,,,,,,,,,,,,,,,,,,,
,,,,,,,,,,,,,,,,,,,,,,,
,,,,,,,,,,,,CII1000,CONTABILIDAD Y COSTOS,6,ICI3325,Sección 2,CÁTEDRA 02,MA VI 13:00 - 14:20,CORTES EMA BENITA,S-SANTIAGO,Vacantes de Carrera,CII1000_VC02,45
,,,,,,,,,,,,CII1000,CONTABILIDAD Y COSTOS,6,ICI3325,Sección 2,AYUDANTÍA OPCIONAL 02,MI 08:30 - 09:50,,S-SANTIAGO,Vacantes de Carrera,CII1000_VC02,45
,,,,,,,,,,,,,,,,,,,,,,,
,,,,,,,,,,,,CII1000,CONTABILIDAD Y COSTOS,6,ICI3325,Sección 2,CÁTEDRA 02,MA VI 13:00 - 14:20,CORTES EMA BENITA,S-SANTIAGO,Vacantes FG,CII1000_FG02,45
,,,,,,,,,,,,CII1000,CONTABILIDAD Y COSTOS,6,ICI3325,Sección 2,AYUDANTÍA OPCIONAL 02,MI 08:30 - 09:50,,S-SANTIAGO,Vacantes FG,CII1000_FG02,45
,,,,,,,,,,,,,,,,,,,,,,,
,,,,,,,,,,,,,,,,,,,,,,,
,,,,,,,,,,,,CII1000,CONTABILIDAD Y COSTOS,6,ICI3325,Sección 3,CÁTEDRA 03,LU JU 08:30 - 09:50,ORTIZ ROBERTO ENRIQUE,S-SANTIAGO,Vacantes de Carrera,CII1000_VC03,45
,,,,,,,,,,,,CII1000,CONTABILIDAD Y COSTOS,6,ICI3325,Sección 3,AYUDANTÍA OPCIONAL 03,MI 13:00 - 14:20,,S-SANTIAGO,Vacantes de Carrera,CII1000_VC03,45
,,,,,,,,,,,,,,,,,,,,,,,
,,,,,,,,,,,,CII1000,CONTABILIDAD Y COSTOS,6,ICI3325,Sección 3,CÁTEDRA 03,LU JU 08:30 - 09:50,ORTIZ ROBERTO ENRIQUE,S-SANTIAGO,Vacantes FG,CII1000_FG03,45
,,,,,,,,,,,,CII1000,CONTABILIDAD Y COSTOS,6,ICI3325,Sección 3,AYUDANTÍA OPCIONAL 03,MI 13:00 - 14:20,,S-SANTIAGO,Vacantes FG,CII1000_FG03,45
,,,,,,,,,,,,,,,,,,,,,,,
,,,,,,,,,,,,,,,,,,,,,,,
,,,,,,,,,,,,CII1000,CONTABILIDAD Y COSTOS,6,ICI3325,Sección 4,AYUDANTÍA OPCIONAL 04,MI 14:30 - 15:50,,S-SANTIAGO,Vacantes de Carrera,CII1000_VC04,45
,,,,,,,,,,,,CII1000,CONTABILIDAD Y COSTOS,6,ICI3325,Sección 4,CÁTEDRA 04,LU JU 11:30 - 12:50,ORTIZ ROBERTO ENRIQUE,S-SANTIAGO,Vacantes de Carrera,CII1000_VC04,45
,,,,,,,,,,,,,,,,,,,,,,,
,,,,,,,,,,,,CII1000,CONTABILIDAD Y COSTOS,6,ICI3325,Sección 4,CÁTEDRA 04,LU JU 11:30 - 12:50,ORTIZ ROBERTO ENRIQUE,S-SANTIAGO,Vacantes FG,CII1000_FG04,45
,,,,,,,,,,,,CII1000,CONTABILIDAD Y COSTOS,6,ICI3325,Sección 4,AYUDANTÍA OPCIONAL 04,MI 14:30 - 15:50,,S-SANTIAGO,Vacantes FG,CII1000_FG04,45
,,,,,,,,,,,,,,,,,,,,,,,
,,,,,,,,,,,,,,,,,,,,,,,
,,,,,,,,,,,,,,,,,,,,,,,
,,,,,,,,,,,,CII2002,INGENIERIA ECONÓMICA,6,,Sección 1,AYUDANTÍA OPCIONAL 01,MI 13:00 - 14:20,,S-SANTIAGO,Vacantes de Carrera,CII2002_VC01,45
,,,,,,,,,,,,CII2002,INGENIERIA ECONÓMICA,6,,Sección 1,CÁTEDRA 01,LU JU 10:00 - 11:20,ORTIZ ROBERTO ENRIQUE,S-SANTIAGO,Vacantes de Carrera,CII2002_VC01,45
,,,,,,,,,,,,,,,,,,,,,,,
,,,,,,,,,,,,,,,,,,,,,,,
,,,,,,,,,,,,CII2002,INGENIERIA ECONÓMICA,6,,Sección 2,AYUDANTÍA OPCIONAL 02,MI 10:00 - 11:20,,S-SANTIAGO,Vacantes de Carrera,CII2002_VC02,45
,,,,,,,,,,,,CII2002,INGENIERIA ECONÓMICA,6,,Sección 2,CÁTEDRA 02,LU JU 11:30 - 12:50,ZÚÑIGA EDUARDO ISRAEL,S-SANTIAGO,Vacantes de Carrera,CII2002_VC02,45
,,,,,,,,,,,,,,,,,,,,,,,
,,,,,,,,,,,,,,,,,,,,,,,
,,,,,,,,,,,,CII2002,INGENIERIA ECONÓMICA,6,,Sección 3,CÁTEDRA 03,LU JU 14:30 - 15:50,FAIVOVICH EDUARDO JAIME,S-SANTIAGO,Vacantes de Carrera,CII2002_VC03,45
,,,,,,,,,,,,CII2002,INGENIERIA ECONÓMICA,6,,Sección 3,AYUDANTÍA OPCIONAL 03,MI 14:30 - 15:50,,S-SANTIAGO,Vacantes de Carrera,CII2002_VC03,45
,,,,,,,,,,,,,,,,,,,,,,,
,,,,,,,,,,,,,,,,,,,,,,,
,,,,,,,,,,,,,,,,,,,,,,,
,,,,,,,,,,,,CII2750,OPTIMIZACIÓN,6,,Sección 1,AYUDANTÍA OPCIONAL 01,MI 10:00 - 11:20,,S-SANTIAGO,Vacantes de Carrera,CII2750_VC01,45
,,,,,,,,,,,,CII2750,OPTIMIZACIÓN,6,,Sección 1,CÁTEDRA 01,LU JU 16:00 - 17:20,TANIDA MITSUO LUCAS MATI,S-SANTIAGO,Vacantes de Carrera,CII2750_VC01,45
,,,,,,,,,,,,,,,,,,,,,,,
,,,,,,,,,,,,,,,,,,,,,,,
,,,,,,,,,,,,CII2750,OPTIMIZACIÓN,6,,Sección 2,CÁTEDRA 02,LU JU 17:25 - 18:45,MÁRQUEZ RENNY JAVIER,S-SANTIAGO,Vacantes de Carrera,CII2750_VC02,45
,,,,,,,,,,,,CII2750,OPTIMIZACIÓN,6,,Sección 2,AYUDANTÍA OPCIONAL 02,MI 13:00 - 14:20,,S-SANTIAGO,Vacantes de Carrera,CII2750_VC02,45
,,,,,,,,,,,,,,,,,,,,,,,
,,,,,,,,,,,,,,,,,,,,,,,
,,,,,,,,,,,,CII2750,OPTIMIZACIÓN,6,,Sección 3,AYUDANTÍA OPCIONAL 03,MI 13:00 - 14:20,,S-SANTIAGO,Vacantes de Carrera,CII2750_VC03,45
,,,,,,,,,,,,CII2750,OPTIMIZACIÓN,6,,Sección 3,CÁTEDRA 03,LU JU 11:30 - 12:50,,S-SANTIAGO,Vacantes de Carrera,CII2750_VC03,45
,,,,,,,,,,,,,,,,,,,,,,,
,,,,,,,,,,,,,,,,,,,,,,,
,,,,,,,,,,,,CII2750,OPTIMIZACIÓN,6,,Sección 4,AYUDANTÍA OPCIONAL 04,MI 16:00 - 17:20,,S-SANTIAGO,Vacantes de Carrera,CII2750_VC04,45
,,,,,,,,,,,,CII2750,OPTIMIZACIÓN,6,,Sección 4,CÁTEDRA 04,MA VI 16:00 - 17:20,TANIDA MITSUO LUCAS MATI,S-SANTIAGO,Vacantes de Carrera,CII2750_VC04,45
,,,,,,,,,,,,,,,,,,,,,,,
,,,,,,,,,,,,,,,,,,,,,,,
,,,,,,,,,,,,CII2750,OPTIMIZACIÓN,6,,Sección 5,CÁTEDRA 05,LU JU 17:25 - 18:45,TANIDA MITSUO LUCAS MATI,S-SANTIAGO,Vacantes de Carrera,CII2750_VC05,45
,,,,,,,,,,,,CII2750,OPTIMIZACIÓN,6,,Sección 5,AYUDANTÍA OPCIONAL 05,MI 16:00 - 17:20,,S-SANTIAGO,Vacantes de Carrera,CII2750_VC05,45
,,,,,,,,,,,,,,,,,,,,,,,
,,,,,,,,,,,,,,,,,,,,,,,
,,,,,,,,,,,,,,,,,,,,,,,
,,,,,,,,,,,,CIT1000,PROGRAMACIÓN,6,,Sección 1,CÁTEDRA 01,LU JU 13:00 - 14:20,ALVAREZ ESTEBAN AUGUSTO,S-SANTIAGO,Vacantes de Carrera,CIT1000_CA01,50
,,,,,,,,,,,,CIT1000,PROGRAMACIÓN,6,,Sección 1,AYUDANTÍA OBLIGATORIA 01,MA 13:00 - 14:20,,S-SANTIAGO,Vacantes de Carrera,CIT1000_CA01,50
,,,,,,,,,,,,,,,,,,,,,,,
,,,,,,,,,,,,,,,,,,,,,,,
,,,,,,,,,,,,CIT1000,PROGRAMACIÓN,6,,Sección 2,CÁTEDRA 02,LU JU 10:00 - 11:20,HIDALGO NICOLAS ANDRES,S-SANTIAGO,Vacantes de Carrera,CIT1000_CA02,50
,,,,,,,,,,,,CIT1000,PROGRAMACIÓN,6,,Sección 2,AYUDANTÍA OBLIGATORIA 02,MA 10:00 - 11:20,,S-SANTIAGO,Vacantes de Carrera,CIT1000_CA02,50
,,,,,,,,,,,,,,,,,,,,,,,
,,,,,,,,,,,,,,,,,,,,,,,
,,,,,,,,,,,,,,,,,,,,,,,
,,,,,,,,,,,,CIT1010,PROGRAMACIÓN AVANZADA,6,,Sección 1,CÁTEDRA 01,LU JU 11:30 - 12:50,DUARTE JUAN JOSE,S-SANTIAGO,Vacantes de Carrera,CIT1010_CA01,50
,,,,,,,,,,,,CIT1010,PROGRAMACIÓN AVANZADA,6,,Sección 1,AYUDANTÍA OBLIGATORIA 01,VI 11:30 - 12:50,,S-SANTIAGO,Vacantes de Carrera,CIT1010_CA01,50
,,,,,,,,,,,,,,,,,,,,,,,
,,,,,,,,,,,,,,,,,,,,,,,
,,,,,,,,,,,,CIT1010,PROGRAMACIÓN AVANZADA,6,,Sección 10,AYUDANTÍA OBLIGATORIA 10,JU 14:30 - 15:50,,S-SANTIAGO,Vacantes de Carrera,CIT1010_CA10,0
,,,,,,,,,,,,CIT1010,PROGRAMACIÓN AVANZADA,6,,Sección 10,CÁTEDRA 10,MA VI 14:30 - 15:50,SCHKOLNIK DEMIAN ALEY,S-SANTIAGO,Vacantes de Carrera,CIT1010_CA10,0
,,,,,,,,,,,,,,,,,,,,,,,
,,,,,,,,,,,,,,,,,,,,,,,
,,,,,,,,,,,,CIT1010,PROGRAMACIÓN AVANZADA,6,,Sección 2,CÁTEDRA 02,LU JU 14:30 - 15:50,DUARTE JUAN JOSE,S-SANTIAGO,Vacantes de Carrera,CIT1010_VC02,50
,,,,,,,,,,,,CIT1010,PROGRAMACIÓN AVANZADA,6,,Sección 2,AYUDANTÍA OBLIGATORIA 02,MA 14:30 - 15:50,,S-SANTIAGO,Vacantes de Carrera,CIT1010_VC02,50
,,,,,,,,,,,,,,,,,,,,,,,
,,,,,,,,,,,,,,,,,,,,,,,
,,,,,,,,,,,,CIT1010,PROGRAMACIÓN AVANZADA,6,,Sección 3,CÁTEDRA 03,MA VI 08:30 - 09:50,TAVANO MARCELLO VINCENZO,S-SANTIAGO,Vacantes de Carrera,CIT1010_CA03,0
,,,,,,,,,,,,CIT1010,PROGRAMACIÓN AVANZADA,6,,Sección 3,AYUDANTÍA OBLIGATORIA 03,JU 08:30 - 09:50,,S-SANTIAGO,Vacantes de Carrera,CIT1010_CA03,0
,,,,,,,,,,,,,,,,,,,,,,,
,,,,,,,,,,,,,,,,,,,,,,,
,,,,,,,,,,,,CIT1010,PROGRAMACIÓN AVANZADA,6,,Sección 4,CÁTEDRA 04,MA VI 13:00 - 14:20,CARRIÓN JAVIER IGNACIO,S-SANTIAGO,Vacantes de Carrera,CIT1010_CA04,0
,,,,,,,,,,,,CIT1010,PROGRAMACIÓN AVANZADA,6,,Sección 4,AYUDANTÍA OBLIGATORIA 04,LU 13:00 - 14:20,,S-SANTIAGO,Vacantes de Carrera,CIT1010_CA04,0
,,,,,,,,,,,,,,,,,,,,,,,
,,,,,,,,,,,,,,,,,,,,,,,
,,,,,,,,,,,,CIT1010,PROGRAMACIÓN AVANZADA,6,,Sección 5,CÁTEDRA 05,MA VI 10:00 - 11:20,LOPEZ FELIPE IGNACIO,S-SANTIAGO,Vacantes de Carrera,CIT1010_CA05,0
,,,,,,,,,,,,CIT1010,PROGRAMACIÓN AVANZADA,6,,Sección 5,AYUDANTÍA OBLIGATORIA 05,JU 10:00 - 11:20,,S-SANTIAGO,Vacantes de Carrera,CIT1010_CA05,0
,,,,,,,,,,,,,,,,,,,,,,,
,,,,,,,,,,,,,,,,,,,,,,,
,,,,,,,,,,,,CIT1010,PROGRAMACIÓN AVANZADA,6,,Sección 6,CÁTEDRA 06,LU JU 10:00 - 11:20,DUARTE JUAN JOSE,S-SANTIAGO,Vacantes de Carrera,CIT1010_CA06,50
,,,,,,,,,,,,CIT1010,PROGRAMACIÓN AVANZADA,6,,Sección 6,AYUDANTÍA OBLIGATORIA 06,MA 10:00 - 11:20,,S-SANTIAGO,Vacantes de Carrera,CIT1010_CA06,50
,,,,,,,,,,,,,,,,,,,,,,,
,,,,,,,,,,,,,,,,,,,,,,,
,,,,,,,,,,,,CIT1010,PROGRAMACIÓN AVANZADA,6,,Sección 7,CÁTEDRA 07,LU JU 13:00 - 14:20,DUARTE JUAN JOSE,S-SANTIAGO,Vacantes de Carrera,CIT1010_CA07,50
,,,,,,,,,,,,CIT1010,PROGRAMACIÓN AVANZADA,6,,Sección 7,AYUDANTÍA OBLIGATORIA 07,MI 13:00 - 14:20,,S-SANTIAGO,Vacantes de Carrera,CIT1010_CA07,50
,,,,,,,,,,,,,,,,,,,,,,,
,,,,,,,,,,,,,,,,,,,,,,,
,,,,,,,,,,,,CIT1010,PROGRAMACIÓN AVANZADA,6,,Sección 8,CÁTEDRA 08,LU JU 17:25 - 18:45,LLANZA LEANDRO ANTONIO,S-SANTIAGO,Vacantes de Carrera,CIT1010_CA08,50
,,,,,,,,,,,,CIT1010,PROGRAMACIÓN AVANZADA,6,,Sección 8,AYUDANTÍA OBLIGATORIA 08,MA 17:25 - 18:45,,S-SANTIAGO,Vacantes de Carrera,CIT1010_CA08,50
,,,,,,,,,,,,,,,,,,,,,,,
,,,,,,,,,,,,,,,,,,,,,,,
,,,,,,,,,,,,CIT1010,PROGRAMACIÓN AVANZADA,6,,Sección 9,CÁTEDRA 09,LU JU 16:00 - 17:20,LLANZA LEANDRO ANTONIO,S-SANTIAGO,Vacantes de Carrera,CIT1010_CA09,50
,,,,,,,,,,,,CIT1010,PROGRAMACIÓN AVANZADA,6,,Sección 9,AYUDANTÍA OBLIGATORIA 09,MA 16:00 - 17:20,,S-SANTIAGO,Vacantes de Carrera,CIT1010_CA09,50
,,,,,,,,,,,,,,,,,,,,,,,
,,,,,,,,,,,,,,,,,,,,,,,
,,,,,,,,,,,,,,,,,,,,,,,
,,,,,,,,,,,,CIT2104,ARQUITECTURA DE COMPUTADORES,6,,Sección 1,CÁTEDRA 01,LU JU 08:30 - 09:50,ALBA MANUEL,S-SANTIAGO,Vacantes de Carrera,CIT2104_CA01,30
,,,,,,,,,,,,CIT2104,ARQUITECTURA DE COMPUTADORES,6,,Sección 1,AYUDANTÍA OBLIGATORIA 01,VI 08:30 - 09:50,,S-SANTIAGO,Vacantes de Carrera,CIT2104_CA01,30
,,,,,,,,,,,,,,,,,,,,,,,
,,,,,,,,,,,,,,,,,,,,,,,
,,,,,,,,,,,,,,,,,,,,,,,
,,,,,,,,,,,,CIT2201,PROYECTO EN TICS II,6,,Sección 1,AYUDANTÍA OBLIGATORIA 01,JU 16:00 - 17:20,,S-SANTIAGO,Vacantes de Carrera,CIT2201_VC01,35
,,,,,,,,,,,,CIT2201,PROYECTO EN TICS II,6,,Sección 1,CÁTEDRA 01,MA VI 16:00 - 17:20,ELLIOTT JORGE ERNESTO,S-SANTIAGO,Vacantes de Carrera,CIT2201_VC01,35
,,,,,,,,,,,,,,,,,,,,,,,
,,,,,,,,,,,,,,,,,,,,,,,
,,,,,,,,,,,,,,,,,,,,,,,
,,,,,,,,,,,,CIT3201,PROYECTO EN TICS III,7,,Sección 1,CÁTEDRA 01,LU JU 17:25 - 18:45,OSORIO CRISTIAN AUGUSTO,S-SANTIAGO,Vacantes de Carrera,CIT3201_VC01,30
,,,,,,,,,,,,CIT3201,PROYECTO EN TICS III,7,,Sección 1,AYUDANTÍA OBLIGATORIA 01,MI 13:00 - 14:20,,S-SANTIAGO,Vacantes de Carrera,CIT3201_VC01,30
,,,,,,,,,,,,,,,,,,,,,,,
,,,,,,,,,,,,,,,,,,,,,,,
,,,,,,,,,,,,,,,,,,,,,,,
,,,,,,,,,,,,CIT3320,CONTINUIDAD DE NEGOCIOS,6,,Sección 1,CÁTEDRA 01,LU JU 14:30 - 15:50,ELLIOTT JORGE ERNESTO,S-SANTIAGO,Vacantes de Carrera,CIT3320_CA01,20
,,,,,,,,,,,,,,,,,,,,,,,
,,,,,,,,,,,,,,,,,,,,,,,
,,,,,,,,,,,,,,,,,,,,,,,
,,,,,,,,,,,,CIT3427,INTERNET DE LAS COSAS,6,,Sección 1,CÁTEDRA 01,LU JU 16:00 - 17:20,DUJOVNE DIEGO ROBERTO,S-SANTIAGO,Vacantes de Carrera,CIT3427_CA01,25
,,,,,,,,,,,,,,,,,,,,,,,
,,,,,,,,,,,,,,,,,,,,,,,
,,,,,,,,,,,,,,,,,,,,,,,
,,,,,,,,,,,,CIT4011,TITULACIÓN EXÁMEN DE TÍTULO,30,,Sección 1,CÁTEDRA 01,VI 17:25 - 18:45,HIDALGO NICOLAS ANDRES,S-SANTIAGO,Vacantes de Carrera,CIT4011_CA01,0
,,,,,,,,,,,,CIT4011,TITULACIÓN EXÁMEN DE TÍTULO,30,,Sección 1,CÁTEDRA 01,VI 17:25 - 18:45,GEOFFROY XIMENA MARIA,S-SANTIAGO,Vacantes de Carrera,CIT4011_CA01,0
,,,,,,,,,,,,,,,,,,,,,,,
,,,,,,,,,,,,,,,,,,,,,,,
,,,,,,,,,,,,,,,,,,,,,,,
,,,,,,,,,,,,CIT4012,TITULACIÓN MEMORIA,30,,Sección 1,CÁTEDRA 01,MA 17:25 - 18:45,HIDALGO NICOLAS ANDRES,S-SANTIAGO,Vacantes de Carrera,CIT4012_CA01,0
,,,,,,,,,,,,CIT4012,TITULACIÓN MEMORIA,30,,Sección 1,CÁTEDRA 01,MA 17:25 - 18:45,GEOFFROY XIMENA MARIA,S-SANTIAGO,Vacantes de Carrera,CIT4012_CA01,0
,,,,,,,,,,,,,,,,,,,,,,,
,,,,,,,,,,,,,,,,,,,,,,,
,,,,,,,,,,,,,,,,,,,,,,,
,,,,,,,,,,,,CIT4013,TITULACIÓN TALLER PROFESIONAL,30,,Sección 1,CÁTEDRA 01,MI 17:25 - 18:45,HIDALGO NICOLAS ANDRES,S-SANTIAGO,Vacantes de Carrera,CIT4013_CA01,0
,,,,,,,,,,,,CIT4013,TITULACIÓN TALLER PROFESIONAL,30,,Sección 1,CÁTEDRA 01,MI 17:25 - 18:45,GEOFFROY XIMENA MARIA,S-SANTIAGO,Vacantes de Carrera,CIT4013_CA01,0
,,,,,,,,,,,,,,,,,,,,,,,
,,,,,,,,,,,,,,,,,,,,,,,
,,,,,,,,,,,,,,,,,,,,,,,
,,,,,,,,,,,,CIT5001,PRÁCTICA PROFESIONAL 1,0,,Sección 1,PRÁCTICA 01,MI 17:25 - 18:45,,S-SANTIAGO,Vacantes de Carrera,CIT5001_PR01,0
,,,,,,,,,,,,,,,,,,,,,,,
,,,,,,,,,,,,,,,,,,,,,,,
,,,,,,,,,,,,,,,,,,,,,,,
,,,,,,,,,,,,CIT5002,PRÁCTICA PROFESIONAL 2,0,,Sección 1,PRÁCTICA 01,MI 17:25 - 18:45,,S-SANTIAGO,Vacantes de Carrera,CIT5002_PR01,0
,,,,,,,,,,,,,,,,,,,,,,,
,,,,,,,,,,,,,,,,,,,,,,,
,,,,,,,,,,,,,,,,,,,,,,,
,,,,,,,,,,,,FIC1000,COMUNICACIÓN PARA LA INGENIERÍA,5,,Sección 1,CÁTEDRA 01,MA VI 08:30 - 09:50,SERVELLO STEPHANIE ISABEL,S-SANTIAGO,Vacantes de Carrera,FIC1000_VC01,45
,,,,,,,,,,,,,,,,,,,,,,,
,,,,,,,,,,,,,,,,,,,,,,,
,,,,,,,,,,,,,,,,,,,,,,,
,,,,,,,,,,,,FIC1003,DERECHO EN INGENIERÍA,5,,Sección 1,CÁTEDRA 01,MA VI 10:00 - 11:20,DIAZ JOSE ANTONIO,S-SANTIAGO,Vacantes de Carrera,FIC1003_VC01,45
,,,,,,,,,,,,,,,,,,,,,,,
,,,,,,,,,,,,,,,,,,,,,,,
,,,,,,,,,,,,FIC1003,DERECHO EN INGENIERÍA,5,,Sección 2,CÁTEDRA 02,MA VI 08:30 - 09:50,DIAZ JOSE ANTONIO,S-SANTIAGO,Vacantes de Carrera,FIC1003_VC02,45
,,,,,,,,,,,,,,,,,,,,,,,
,,,,,,,,,,,,,,,,,,,,,,,
,,,,,,,,,,,,FIC1003,DERECHO EN INGENIERÍA,5,,Sección 3,CÁTEDRA 03,MA VI 11:30 - 12:50,DIAZ JOSE ANTONIO,S-SANTIAGO,Vacantes de Carrera,FIC1003_VC03,45
,,,,,,,,,,,,,,,,,,,,,,,
,,,,,,,,,,,,,,,,,,,,,,,
,,,,,,,,,,,,,,,,,,,,,,,
,,,,,,,,,,,,ING9101,PRÁCTICAS ELECTIVAS,6,,Sección 1,CÁTEDRA 01,MI 17:25 - 18:45,CARRIÓN JAVIER IGNACIO,S-SANTIAGO,Vacantes de Carrera,ING9101_CA01,0
,,,,,,,,,,,,,,,,,,,,,,,
,,,,,,,,,,,,,,,,,,,,,,,
,,,,,,,,,,,,,,,,,,,,,,,
,,,,,,,,,,,,CIT3601,SEMINARIO DE INVESTIGACIÓN II,6,,Sección 1,CÁTEDRA 01,JU 13:00 - 14:20,AHUMADA LUCIANO SEBASTIAN,S-SANTIAGO,Vacantes de Carrera,CIT3601_VC01,0
,,,,,,,,,,,,,,,,,,,,,,,
,,,,,,,,,,,,,,,,,,,,,,,
,,,,,,,,,,,,,,,,,,,,,,,
,,,,,,,,,,,,CIT2204,PROBABILIDADES Y ESTADÍSTICAS,6,,Sección 1,CÁTEDRA 01,MA VI 11:30 - 12:50,SCHKOLNIK DEMIAN ALEY,S-SANTIAGO,Vacantes de Carrera,CIT2204_CA01,35
,,,,,,,,,,,,CIT2204,PROBABILIDADES Y ESTADÍSTICAS,6,,Sección 1,AYUDANTÍA OBLIGATORIA 01,MI 17:25 - 18:45,,S-SANTIAGO,Vacantes de Carrera,CIT2204_CA01,35
,,,,,,,,,,,,,,,,,,,,,,,
,,,,,,,,,,,,,,,,,,,,,,,
,,,,,,,,,,,,CIT2204,PROBABILIDADES Y ESTADÍSTICAS,6,,Sección 2,CÁTEDRA 02,MA VI 10:00 - 11:20,SCHKOLNIK DEMIAN ALEY,S-SANTIAGO,Vacantes de Carrera,CIT2204_CA02,35
,,,,,,,,,,,,CIT2204,PROBABILIDADES Y ESTADÍSTICAS,6,,Sección 2,AYUDANTÍA OBLIGATORIA 02,MI 17:25 - 18:45,,S-SANTIAGO,Vacantes de Carrera,CIT2204_CA02,35
,,,,,,,,,,,,,,,,,,,,,,,
,,,,,,,,,,,,,,,,,,,,,,,
,,,,,,,,,,,,,,,,,,,,,,,
,,,,,,,,,,,,CIG1002,INGLÉS GENERAL II,5,CIG1012,Sección 1,CÁTEDRA INGLÉS 01,LU MI 11:30 - 12:50,PALOMINOS MARCELA CATALINA,S-SANTIAGO,Vacantes de Carrera,CIG1002_VC01,30
,,,,,,,,,,,,,,,,,,,,,,,
,,,,,,,,,,,,,,,,,,,,,,,
,,,,,,,,,,,,CIG1002,INGLÉS GENERAL II,5,CIG1012,Sección 2,CÁTEDRA INGLÉS 02,MA JU 10:00 - 11:20,PALOMINOS MARCELA CATALINA,S-SANTIAGO,Vacantes de Carrera,CIG1002_VC02,30
,,,,,,,,,,,,,,,,,,,,,,,
,,,,,,,,,,,,,,,,,,,,,,,
,,,,,,,,,,,,CIG1002,INGLÉS GENERAL II,5,CIG1012,Sección 3,CÁTEDRA INGLÉS 03,MA JU 11:30 - 12:50,PALOMINOS MARCELA CATALINA,S-SANTIAGO,Vacantes de Carrera,CIG1002_VC03,30
,,,,,,,,,,,,,,,,,,,,,,,
,,,,,,,,,,,,,,,,,,,,,,,
,,,,,,,,,,,,CIG1002,INGLÉS GENERAL II,5,CIG1012,Sección 4,CÁTEDRA INGLÉS 04,LU MI 13:00 - 14:20,PALOMINOS MARCELA CATALINA,S-SANTIAGO,Vacantes de Carrera,CIG1002_VC04,30
,,,,,,,,,,,,,,,,,,,,,,,
,,,,,,,,,,,,,,,,,,,,,,,
,,,,,,,,,,,,CIG1002,INGLÉS GENERAL II,5,CIG1012,Sección 5,CÁTEDRA INGLÉS 05,LU MI 16:00 - 17:20,MELLA ALEX AGUSTIN,S-SANTIAGO,Vacantes de Carrera,CIG1002_VC05,30
,,,,,,,,,,,,,,,,,,,,,,,
,,,,,,,,,,,,,,,,,,,,,,,
,,,,,,,,,,,,CIG1002,INGLÉS GENERAL II,5,CIG1012,Sección 6,CÁTEDRA INGLÉS 06,LU MI 17:25 - 18:45,MELLA ALEX AGUSTIN,S-SANTIAGO,Vacantes de Carrera,CIG1002_VC06,30
,,,,,,,,,,,,,,,,,,,,,,,
,,,,,,,,,,,,,,,,,,,,,,,
,,,,,,,,,,,,CIG1002,INGLÉS GENERAL II,5,CIG1012,Sección 7,CÁTEDRA INGLÉS 07,LU MI 14:30 - 15:50,CONTRERAS DANIELA ANDREA,S-HUECHURABA,Vacantes de Carrera,CIG1002_VC07,30
,,,,,,,,,,,,,,,,,,,,,,,
,,,,,,,,,,,,,,,,,,,,,,,
,,,,,,,,,,,,,,,,,,,,,,,
,,,,,,,,,,,,CIG1003,INGLÉS GENERAL III,5,"ICO8703, CIG1013",Sección 1,CÁTEDRA INGLÉS 01,MA JU 18:50 - 20:10,MELLA ALEX AGUSTIN,S-SANTIAGO,Vacantes de Carrera,CIG1003_VC01,30
,,,,,,,,,,,,,,,,,,,,,,,
,,,,,,,,,,,,,,,,,,,,,,,
,,,,,,,,,,,,CIG1003,INGLÉS GENERAL III,5,"ICO8703, CIG1013",Sección 10,CÁTEDRA INGLÉS 10,MA 13:00 - 14:20; VI 16:00 - 17:20,ARCE CARLOS ANDRES,S-SANTIAGO,Vacantes de Carrera,CIG1003_VC10,30
,,,,,,,,,,,,,,,,,,,,,,,
,,,,,,,,,,,,,,,,,,,,,,,
,,,,,,,,,,,,CIG1003,INGLÉS GENERAL III,5,"ICO8703, CIG1013",Sección 11,CÁTEDRA INGLÉS 11,MA JU 16:00 - 17:20,SALINAS MARTA AZUCENA,S-SANTIAGO,Vacantes de Carrera,CIG1003_VC11,30
,,,,,,,,,,,,,,,,,,,,,,,
,,,,,,,,,,,,,,,,,,,,,,,
,,,,,,,,,,,,CIG1003,INGLÉS GENERAL III,5,"ICO8703, CIG1013",Sección 12,CÁTEDRA INGLÉS 12,MA JU 17:25 - 18:45,SALINAS MARTA AZUCENA,S-SANTIAGO,Vacantes de Carrera,CIG1003_VC12,30
,,,,,,,,,,,,,,,,,,,,,,,
,,,,,,,,,,,,,,,,,,,,,,,
,,,,,,,,,,,,CIG1003,INGLÉS GENERAL III,5,"ICO8703, CIG1013",Sección 13,CÁTEDRA INGLÉS 13,LU JU 14:30 - 15:50,CEA KAREM CAROL,S-SANTIAGO,Vacantes de Carrera,CIG1003_VC13,30
,,,,,,,,,,,,,,,,,,,,,,,
,,,,,,,,,,,,,,,,,,,,,,,
,,,,,,,,,,,,CIG1003,INGLÉS GENERAL III,5,"ICO8703, CIG1013",Sección 14,CÁTEDRA INGLÉS 14,LU JU 16:00 - 17:20,CEA KAREM CAROL,S-SANTIAGO,Vacantes de Carrera,CIG1003_VC14,30
,,,,,,,,,,,,,,,,,,,,,,,
,,,,,,,,,,,,,,,,,,,,,,,
,,,,,,,,,,,,CIG1003,INGLÉS GENERAL III,5,"ICO8703, CIG1013",Sección 15,CÁTEDRA INGLÉS 15,LU JU 17:25 - 18:45,CEA KAREM CAROL,S-SANTIAGO,Vacantes de Carrera,CIG1003_VC15,30
,,,,,,,,,,,,,,,,,,,,,,,
,,,,,,,,,,,,,,,,,,,,,,,
,,,,,,,,,,,,CIG1003,INGLÉS GENERAL III,5,"ICO8703, CIG1013",Sección 16,CÁTEDRA INGLÉS 16,LU JU 10:00 - 11:20,BAMBACH MARIA EUGENIA,S-SANTIAGO,Vacantes de Carrera,CIG1003_VC16,30
,,,,,,,,,,,,,,,,,,,,,,,
,,,,,,,,,,,,,,,,,,,,,,,
,,,,,,,,,,,,CIG1003,INGLÉS GENERAL III,5,"ICO8703, CIG1013",Sección 17,CÁTEDRA INGLÉS 17,LU JU 11:30 - 12:50,BAMBACH MARIA EUGENIA,S-SANTIAGO,Vacantes de Carrera,CIG1003_VC17,30
,,,,,,,,,,,,,,,,,,,,,,,
,,,,,,,,,,,,,,,,,,,,,,,
,,,,,,,,,,,,CIG1003,INGLÉS GENERAL III,5,"ICO8703, CIG1013",Sección 18,CÁTEDRA INGLÉS 18,MA JU 08:30 - 09:50,MOYANO NATALY DEL SOL,S-SANTIAGO,Vacantes de Carrera,CIG1003_VC18,30
,,,,,,,,,,,,,,,,,,,,,,,
,,,,,,,,,,,,,,,,,,,,,,,
,,,,,,,,,,,,CIG1003,INGLÉS GENERAL III,5,"ICO8703, CIG1013",Sección 19,CÁTEDRA INGLÉS 19,MI VI 08:30 - 09:50,MOYANO NATALY DEL SOL,S-SANTIAGO,Vacantes de Carrera,CIG1003_VC19,30
,,,,,,,,,,,,,,,,,,,,,,,
,,,,,,,,,,,,,,,,,,,,,,,
,,,,,,,,,,,,CIG1003,INGLÉS GENERAL III,5,"ICO8703, CIG1013",Sección 2,CÁTEDRA INGLÉS 02,LU MI 18:50 - 20:10,MELLA ALEX AGUSTIN,S-SANTIAGO,Vacantes de Carrera,CIG1003_VC02,30
,,,,,,,,,,,,,,,,,,,,,,,
,,,,,,,,,,,,,,,,,,,,,,,
,,,,,,,,,,,,CIG1003,INGLÉS GENERAL III,5,"ICO8703, CIG1013",Sección 20,CÁTEDRA INGLÉS 20,MI VI 10:00 - 11:20,MOYANO NATALY DEL SOL,S-SANTIAGO,Vacantes de Carrera,CIG1003_VC20,30
,,,,,,,,,,,,,,,,,,,,,,,
,,,,,,,,,,,,,,,,,,,,,,,
,,,,,,,,,,,,CIG1003,INGLÉS GENERAL III,5,"ICO8703, CIG1013",Sección 21,CÁTEDRA INGLÉS 21,MA JU 10:00 - 11:20,NORAMBUENA CAROLINA ANGELICA,S-SANTIAGO,Vacantes de Carrera,CIG1003_VC21,30
,,,,,,,,,,,,,,,,,,,,,,,
,,,,,,,,,,,,,,,,,,,,,,,
,,,,,,,,,,,,CIG1003,INGLÉS GENERAL III,5,"ICO8703, CIG1013",Sección 22,CÁTEDRA INGLÉS 22,MA JU 11:30 - 12:50,NORAMBUENA CAROLINA ANGELICA,S-SANTIAGO,Vacantes de Carrera,CIG1003_VC22,30
,,,,,,,,,,,,,,,,,,,,,,,
,,,,,,,,,,,,,,,,,,,,,,,
,,,,,,,,,,,,CIG1003,INGLÉS GENERAL III,5,"ICO8703, CIG1013",Sección 23,CÁTEDRA INGLÉS 23,MA JU 14:30 - 15:50,NUÑEZ RAMON HERNAN,S-SANTIAGO,Vacantes de Carrera,CIG1003_VC23,30
,,,,,,,,,,,,,,,,,,,,,,,
,,,,,,,,,,,,,,,,,,,,,,,
,,,,,,,,,,,,CIG1003,INGLÉS GENERAL III,5,"ICO8703, CIG1013",Sección 24,CÁTEDRA INGLÉS 24,MA JU 16:00 - 17:20,NUÑEZ RAMON HERNAN,S-SANTIAGO,Vacantes de Carrera,CIG1003_VC24,30
,,,,,,,,,,,,,,,,,,,,,,,
,,,,,,,,,,,,,,,,,,,,,,,
,,,,,,,,,,,,CIG1003,INGLÉS GENERAL III,5,"ICO8703, CIG1013",Sección 25,CÁTEDRA INGLÉS 25,MA VI 11:30 - 12:50,ORTEGA VIVIANA DEL PILAR,S-SANTIAGO,Vacantes de Carrera,CIG1003_VC25,30
,,,,,,,,,,,,,,,,,,,,,,,
,,,,,,,,,,,,,,,,,,,,,,,
,,,,,,,,,,,,CIG1003,INGLÉS GENERAL III,5,"ICO8703, CIG1013",Sección 26,CÁTEDRA INGLÉS 26,MA VI 11:30 - 12:50,MOYANO NATALY DEL SOL,S-SANTIAGO,Vacantes de Carrera,CIG1003_VC26,30
,,,,,,,,,,,,,,,,,,,,,,,
,,,,,,,,,,,,,,,,,,,,,,,
,,,,,,,,,,,,CIG1003,INGLÉS GENERAL III,5,"ICO8703, CIG1013",Sección 27,CÁTEDRA INGLES 27,MA VI 13:00 - 14:20,MOYANO NATALY DEL SOL,S-SANTIAGO,Vacantes de Carrera,CIG1003_VC27,30
,,,,,,,,,,,,,,,,,,,,,,,
,,,,,,,,,,,,,,,,,,,,,,,
,,,,,,,,,,,,CIG1003,INGLÉS GENERAL III,5,"ICO8703, CIG1013",Sección 28,CÁTEDRA INGLÉS 28,MA JU 10:00 - 11:20,RAU MARÍA PAZ,S-SANTIAGO,Vacantes de Carrera,CIG1003_VC28,30
,,,,,,,,,,,,,,,,,,,,,,,
,,,,,,,,,,,,,,,,,,,,,,,
,,,,,,,,,,,,CIG1003,INGLÉS GENERAL III,5,"ICO8703, CIG1013",Sección 29,CÁTEDRA INGLÉS 29,MA JU 11:30 - 12:50,RAU MARÍA PAZ,S-SANTIAGO,Vacantes de Carrera,CIG1003_VC29,30
,,,,,,,,,,,,,,,,,,,,,,,
,,,,,,,,,,,,,,,,,,,,,,,
,,,,,,,,,,,,CIG1003,INGLÉS GENERAL III,5,"ICO8703, CIG1013",Sección 3,CÁTEDRA INGLÉS 03,LU MI 10:00 - 11:20,ACEITUNO ADOLFO ENRIQUE,S-SANTIAGO,Vacantes de Carrera,CIG1003_VC03,30
,,,,,,,,,,,,,,,,,,,,,,,
,,,,,,,,,,,,,,,,,,,,,,,
,,,,,,,,,,,,CIG1003,INGLÉS GENERAL III,5,"ICO8703, CIG1013",Sección 30,CÁTEDRA INGLÉS 30,MA JU 13:00 - 14:20,RAU MARÍA PAZ,S-SANTIAGO,Vacantes de Carrera,CIG1003_VC30,30
,,,,,,,,,,,,,,,,,,,,,,,
,,,,,,,,,,,,,,,,,,,,,,,
,,,,,,,,,,,,CIG1003,INGLÉS GENERAL III,5,"ICO8703, CIG1013",Sección 31,CÁTEDRA INGLÉS 31,MI VI 10:00 - 11:20,SALINAS MARTA AZUCENA,S-SANTIAGO,Vacantes de Carrera,CIG1003_VC31,30
,,,,,,,,,,,,,,,,,,,,,,,
,,,,,,,,,,,,,,,,,,,,,,,
,,,,,,,,,,,,CIG1003,INGLÉS GENERAL III,5,"ICO8703, CIG1013",Sección 32,CÁTEDRA INGLÉS 32,MI VI 11:30 - 12:50,SALINAS MARTA AZUCENA,S-SANTIAGO,Vacantes de Carrera,CIG1003_VC32,30
,,,,,,,,,,,,,,,,,,,,,,,
,,,,,,,,,,,,,,,,,,,,,,,
,,,,,,,,,,,,CIG1003,INGLÉS GENERAL III,5,"ICO8703, CIG1013",Sección 33,CÁTEDRA INGLÉS 33,MI VI 13:00 - 14:20,SALINAS MARTA AZUCENA,S-SANTIAGO,Vacantes de Carrera,CIG1003_VC33,30
,,,,,,,,,,,,,,,,,,,,,,,
,,,,,,,,,,,,,,,,,,,,,,,
,,,,,,,,,,,,CIG1003,INGLÉS GENERAL III,5,"ICO8703, CIG1013",Sección 34,CÁTEDRA INGLÉS 34,LU MI 13:00 - 14:20,SCHIAPPACASSE VILMA,S-SANTIAGO,Vacantes de Carrera,CIG1003_VC34,30
,,,,,,,,,,,,,,,,,,,,,,,
,,,,,,,,,,,,,,,,,,,,,,,
,,,,,,,,,,,,CIG1003,INGLÉS GENERAL III,5,"ICO8703, CIG1013",Sección 35,CÁTEDRA INGLÉS 35,LU MI 14:30 - 15:50,SCHIAPPACASSE VILMA,S-SANTIAGO,Vacantes de Carrera,CIG1003_VC35,30
,,,,,,,,,,,,,,,,,,,,,,,
,,,,,,,,,,,,,,,,,,,,,,,
,,,,,,,,,,,,CIG1003,INGLÉS GENERAL III,5,"ICO8703, CIG1013",Sección 36,CÁTEDRA INGLÉS 36,LU MI 11:30 - 12:50,NEGRETE NORMA ENRIQUETA,S-SANTIAGO,Vacantes de Carrera,CIG1003_VC36,30
,,,,,,,,,,,,,,,,,,,,,,,
,,,,,,,,,,,,,,,,,,,,,,,
,,,,,,,,,,,,CIG1003,INGLÉS GENERAL III,5,"ICO8703, CIG1013",Sección 37,CÁTEDRA INGLES 37,MA JU 17:25 - 18:45,VELOSO JESUS ERASMO,S-SANTIAGO,Vacantes de Carrera,CIG1003_VC37,30
,,,,,,,,,,,,,,,,,,,,,,,
,,,,,,,,,,,,,,,,,,,,,,,
,,,,,,,,,,,,CIG1003,INGLÉS GENERAL III,5,"ICO8703, CIG1013",Sección 38,CÁTEDRA INGLES 38,LU JU 16:00 - 17:20,ACUÑA SYLVIA VICTORIA,S-HUECHURABA,Vacantes de Carrera,CIG1003_VC38,30
,,,,,,,,,,,,,,,,,,,,,,,
,,,,,,,,,,,,,,,,,,,,,,,
,,,,,,,,,,,,CIG1003,INGLÉS GENERAL III,5,"ICO8703, CIG1013",Sección 39,CÁTEDRA INGLES 39,LU JU 17:25 - 18:45,ACUÑA SYLVIA VICTORIA,S-HUECHURABA,Vacantes de Carrera,CIG1003_VC39,30
,,,,,,,,,,,,,,,,,,,,,,,
,,,,,,,,,,,,,,,,,,,,,,,
,,,,,,,,,,,,CIG1003,INGLÉS GENERAL III,5,"ICO8703, CIG1013",Sección 4,CÁTEDRA INGLÉS 04,LU MI 11:30 - 12:50,ACEITUNO ADOLFO ENRIQUE,S-SANTIAGO,Vacantes de Carrera,CIG1003_VC04,30
,,,,,,,,,,,,,,,,,,,,,,,
,,,,,,,,,,,,,,,,,,,,,,,
,,,,,,,,,,,,CIG1003,INGLÉS GENERAL III,5,"ICO8703, CIG1013",Sección 40,CÁTEDRA INGLES 40,LU MI 10:00 - 11:20,TORRES OSMAN LUCIANO,S-HUECHURABA,Vacantes de Carrera,CIG1003_VC40,30
,,,,,,,,,,,,,,,,,,,,,,,
,,,,,,,,,,,,,,,,,,,,,,,
,,,,,,,,,,,,CIG1003,INGLÉS GENERAL III,5,"ICO8703, CIG1013",Sección 41,CÁTEDRA INGLÉS 41,LU MI 11:30 - 12:50,TORRES OSMAN LUCIANO,S-HUECHURABA,Vacantes de Carrera,CIG1003_VC41,30
,,,,,,,,,,,,,,,,,,,,,,,
,,,,,,,,,,,,,,,,,,,,,,,
,,,,,,,,,,,,CIG1003,INGLÉS GENERAL III,5,"ICO8703, CIG1013",Sección 42,CÁTEDRA INGLES 42,MA JU 10:00 - 11:20,TORRES OSMAN LUCIANO,S-HUECHURABA,Vacantes de Carrera,CIG1003_VC42,30
,,,,,,,,,,,,,,,,,,,,,,,
,,,,,,,,,,,,,,,,,,,,,,,
,,,,,,,,,,,,CIG1003,INGLÉS GENERAL III,5,"ICO8703, CIG1013",Sección 43,CÁTEDRA INGLES 43,LU MI 14:30 - 15:50,RODRIGUEZ KARINA STEPHANIE,S-HUECHURABA,Vacantes de Carrera,CIG1003_VC43,30
,,,,,,,,,,,,,,,,,,,,,,,
,,,,,,,,,,,,,,,,,,,,,,,
,,,,,,,,,,,,CIG1003,INGLÉS GENERAL III,5,"ICO8703, CIG1013",Sección 44,CÁTEDRA INGLES 44,LU MI 16:00 - 17:20,RODRIGUEZ KARINA STEPHANIE,S-HUECHURABA,Vacantes de Carrera,CIG1003_VC44,30
,,,,,,,,,,,,,,,,,,,,,,,
,,,,,,,,,,,,,,,,,,,,,,,
,,,,,,,,,,,,CIG1003,INGLÉS GENERAL III,5,"ICO8703, CIG1013",Sección 45,CÁTEDRA INGLES 45,MA JU 11:30 - 12:50,CONTRERAS DANIELA ANDREA,S-HUECHURABA,Vacantes de Carrera,CIG1003_VC45,30
,,,,,,,,,,,,,,,,,,,,,,,
,,,,,,,,,,,,,,,,,,,,,,,
,,,,,,,,,,,,CIG1003,INGLÉS GENERAL III,5,"ICO8703, CIG1013",Sección 46,CÁTEDRA INGLES 46,MA JU 13:00 - 14:20,CONTRERAS DANIELA ANDREA,S-HUECHURABA,Vacantes de Carrera,CIG1003_VC46,30
,,,,,,,,,,,,,,,,,,,,,,,
,,,,,,,,,,,,,,,,,,,,,,,
,,,,,,,,,,,,CIG1003,INGLÉS GENERAL III,5,"ICO8703, CIG1013",Sección 47,CÁTEDRA INGLES 47,LU MI 16:00 - 17:20,CONTRERAS DANIELA ANDREA,S-HUECHURABA,Vacantes de Carrera,CIG1003_VC47,30
,,,,,,,,,,,,,,,,,,,,,,,
,,,,,,,,,,,,,,,,,,,,,,,
,,,,,,,,,,,,CIG1003,INGLÉS GENERAL III,5,"ICO8703, CIG1013",Sección 5,CÁTEDRA INGLÉS 05,LU MI 13:00 - 14:20,ACEITUNO ADOLFO ENRIQUE,S-SANTIAGO,Vacantes de Carrera,CIG1003_VC05,30
,,,,,,,,,,,,,,,,,,,,,,,
,,,,,,,,,,,,,,,,,,,,,,,
,,,,,,,,,,,,CIG1003,INGLÉS GENERAL III,5,"ICO8703, CIG1013",Sección 6,CÁTEDRA INGLÉS 06,MA JU 10:00 - 11:20,ACEITUNO ADOLFO ENRIQUE,S-SANTIAGO,Vacantes de Carrera,CIG1003_VC06,30
,,,,,,,,,,,,,,,,,,,,,,,
,,,,,,,,,,,,,,,,,,,,,,,
,,,,,,,,,,,,CIG1003,INGLÉS GENERAL III,5,"ICO8703, CIG1013",Sección 7,CÁTEDRA INGLÉS 07,MA JU 11:30 - 12:50,ACEITUNO ADOLFO ENRIQUE,S-SANTIAGO,Vacantes de Carrera,CIG1003_VC07,30
,,,,,,,,,,,,,,,,,,,,,,,
,,,,,,,,,,,,,,,,,,,,,,,
,,,,,,,,,,,,CIG1003,INGLÉS GENERAL III,5,"ICO8703, CIG1013",Sección 8,CÁTEDRA INGLÉS 08,LU JU 11:30 - 12:50,CELIS MARIA PAULINA,S-SANTIAGO,Vacantes de Carrera,CIG1003_VC08,30
,,,,,,,,,,,,,,,,,,,,,,,
,,,,,,,,,,,,,,,,,,,,,,,
,,,,,,,,,,,,CIG1003,INGLÉS GENERAL III,5,"ICO8703, CIG1013",Sección 9,CÁTEDRA INGLÉS 09,MA 08:30 - 09:50; VI 14:30 - 15:50,ARCE CARLOS ANDRES,S-SANTIAGO,Vacantes de Carrera,CIG1003_VC09,30
,,,,,,,,,,,,,,,,,,,,,,,
,,,,,,,,,,,,,,,,,,,,,,,
,,,,,,,,,,,,,,,,,,,,,,,
,,,,,,,,,,,,CIT4015,TITULACIÓN VIA MAGISTER,30,,Sección 1,CÁTEDRA 01,JU 17:25 - 18:45,GEOFFROY XIMENA MARIA,S-SANTIAGO,Vacantes de Carrera,CIT4015_CA01,1
,,,,,,,,,,,,,,,,,,,,,,,
,,,,,,,,,,,,,,,,,,,,,,,
,,,,,,,,,,,,,,,,,,,,,,,
,,,,,,,,,,,,CIG1014,INGLÉS GENERAL III,5,ICG3573,Sección 1,CÁTEDRA INGLÉS 01,LU MI 10:00 - 11:20,SANI QUIRIAN GRISELLI,S-SANTIAGO,Vacantes de Carrera,CIG1014_VC01,30
,,,,,,,,,,,,,,,,,,,,,,,
,,,,,,,,,,,,,,,,,,,,,,,
,,,,,,,,,,,,CIG1014,INGLÉS GENERAL III,5,ICG3573,Sección 10,CÁTEDRA INGLÉS 10,MA JU 14:30 - 15:50,NORAMBUENA CAROLINA ANGELICA,S-SANTIAGO,Vacantes de Carrera,CIG1014_VC10,30
,,,,,,,,,,,,,,,,,,,,,,,
,,,,,,,,,,,,,,,,,,,,,,,
,,,,,,,,,,,,CIG1014,INGLÉS GENERAL III,5,ICG3573,Sección 11,CÁTEDRA INGLÉS 11,MA JU 16:00 - 17:20,NORAMBUENA CAROLINA ANGELICA,S-SANTIAGO,Vacantes de Carrera,CIG1014_VC11,30
,,,,,,,,,,,,,,,,,,,,,,,
,,,,,,,,,,,,,,,,,,,,,,,
,,,,,,,,,,,,CIG1014,INGLÉS GENERAL III,5,ICG3573,Sección 12,CÁTEDRA INGLÉS 12,MI VI 11:30 - 12:50,NUÑEZ RAMON HERNAN,S-SANTIAGO,Vacantes de Carrera,CIG1014_VC12,30
,,,,,,,,,,,,,,,,,,,,,,,
,,,,,,,,,,,,,,,,,,,,,,,
,,,,,,,,,,,,CIG1014,INGLÉS GENERAL III,5,ICG3573,Sección 13,CÁTEDRA INGLÉS 13,MI VI 13:00 - 14:20,NUÑEZ RAMON HERNAN,S-SANTIAGO,Vacantes de Carrera,CIG1014_VC13,30
,,,,,,,,,,,,,,,,,,,,,,,
,,,,,,,,,,,,,,,,,,,,,,,
,,,,,,,,,,,,CIG1014,INGLÉS GENERAL III,5,ICG3573,Sección 14,CÁTEDRA INGLES 14,LU MI 13:00 - 14:20,POBLETE JAVIERA FRANCISCA,S-SANTIAGO,Vacantes de Carrera,CIG1014_VC14,30
,,,,,,,,,,,,,,,,,,,,,,,
,,,,,,,,,,,,,,,,,,,,,,,
,,,,,,,,,,,,CIG1014,INGLÉS GENERAL III,5,ICG3573,Sección 15,CÁTEDRA INGLES 15,LU MI 16:00 - 17:20,POBLETE JAVIERA FRANCISCA,S-SANTIAGO,Vacantes de Carrera,CIG1014_VC15,30
,,,,,,,,,,,,,,,,,,,,,,,
,,,,,,,,,,,,,,,,,,,,,,,
,,,,,,,,,,,,CIG1014,INGLÉS GENERAL III,5,ICG3573,Sección 16,CÁTEDRA INGLES 16,MA JU 13:00 - 14:20,SCHIAPPACASSE VILMA,S-SANTIAGO,Vacantes de Carrera,CIG1014_VC16,30
,,,,,,,,,,,,,,,,,,,,,,,
,,,,,,,,,,,,,,,,,,,,,,,
,,,,,,,,,,,,CIG1014,INGLÉS GENERAL III,5,ICG3573,Sección 17,CÁTEDRA INGLES 17,MA JU 14:30 - 15:50,SCHIAPPACASSE VILMA,S-SANTIAGO,Vacantes de Carrera,CIG1014_VC17,30
,,,,,,,,,,,,,,,,,,,,,,,
,,,,,,,,,,,,,,,,,,,,,,,
,,,,,,,,,,,,CIG1014,INGLÉS GENERAL III,5,ICG3573,Sección 18,CÁTEDRA INGLES 18,MA JU 10:00 - 11:20,TORO CONSUELO,S-SANTIAGO,Vacantes de Carrera,CIG1014_VC18,30
,,,,,,,,,,,,,,,,,,,,,,,
,,,,,,,,,,,,,,,,,,,,,,,
,,,,,,,,,,,,CIG1014,INGLÉS GENERAL III,5,ICG3573,Sección 19,CÁTEDRA INGLES 19,MA JU 14:30 - 15:50,ARAOS JENNY FABIOLA,S-SANTIAGO,Vacantes de Carrera,CIG1014_VC19,30
,,,,,,,,,,,,,,,,,,,,,,,
,,,,,,,,,,,,,,,,,,,,,,,
,,,,,,,,,,,,CIG1014,INGLÉS GENERAL III,5,ICG3573,Sección 2,CÁTEDRA INGLÉS 02,LU MI 11:30 - 12:50,SANI QUIRIAN GRISELLI,S-SANTIAGO,Vacantes de Carrera,CIG1014_VC02,30
,,,,,,,,,,,,,,,,,,,,,,,
,,,,,,,,,,,,,,,,,,,,,,,
,,,,,,,,,,,,CIG1014,INGLÉS GENERAL III,5,ICG3573,Sección 20,CÁTEDRA INGLES 20,MI VI 11:30 - 12:50,ARAOS JENNY FABIOLA,S-SANTIAGO,Vacantes de Carrera,CIG1014_VC20,30
,,,,,,,,,,,,,,,,,,,,,,,
,,,,,,,,,,,,,,,,,,,,,,,
,,,,,,,,,,,,CIG1014,INGLÉS GENERAL III,5,ICG3573,Sección 21,CÁTEDRA INGLES 21,MA JU 11:30 - 12:50,TORRES OSMAN LUCIANO,S-HUECHURABA,Vacantes de Carrera,CIG1014_VC21,30
,,,,,,,,,,,,,,,,,,,,,,,
,,,,,,,,,,,,,,,,,,,,,,,
,,,,,,,,,,,,CIG1014,INGLÉS GENERAL III,5,ICG3573,Sección 3,CÁTEDRA INGLÉS 03,MA JU 10:00 - 11:20,SANI QUIRIAN GRISELLI,S-SANTIAGO,Vacantes de Carrera,CIG1014_VC03,30
,,,,,,,,,,,,,,,,,,,,,,,
,,,,,,,,,,,,,,,,,,,,,,,
,,,,,,,,,,,,CIG1014,INGLÉS GENERAL III,5,ICG3573,Sección 4,CÁTEDRA INGLÉS 04,MA JU 11:30 - 12:50,SANI QUIRIAN GRISELLI,S-SANTIAGO,Vacantes de Carrera,CIG1014_VC04,30
,,,,,,,,,,,,,,,,,,,,,,,
,,,,,,,,,,,,,,,,,,,,,,,
,,,,,,,,,,,,CIG1014,INGLÉS GENERAL III,5,ICG3573,Sección 5,CÁTEDRA INGLÉS 05,LU MI 13:00 - 14:20,SANI QUIRIAN GRISELLI,S-SANTIAGO,Vacantes de Carrera,CIG1014_VC05,30
,,,,,,,,,,,,,,,,,,,,,,,
,,,,,,,,,,,,,,,,,,,,,,,
,,,,,,,,,,,,CIG1014,INGLÉS GENERAL III,5,ICG3573,Sección 6,CÁTEDRA INGLÉS 06,LU MI 16:00 - 17:20,ARAOS JENNY FABIOLA,S-SANTIAGO,Vacantes de Carrera,CIG1014_VC06,30
,,,,,,,,,,,,,,,,,,,,,,,
,,,,,,,,,,,,,,,,,,,,,,,
,,,,,,,,,,,,CIG1014,INGLÉS GENERAL III,5,ICG3573,Sección 7,CÁTEDRA INGLÉS 07,LU MI 14:30 - 15:50,NEGRETE NORMA ENRIQUETA,S-SANTIAGO,Vacantes de Carrera,CIG1014_VC07,30
,,,,,,,,,,,,,,,,,,,,,,,
,,,,,,,,,,,,,,,,,,,,,,,
,,,,,,,,,,,,CIG1014,INGLÉS GENERAL III,5,ICG3573,Sección 8,CÁTEDRA INGLÉS 08,MA JU 11:30 - 12:50,NEGRETE NORMA ENRIQUETA,S-SANTIAGO,Vacantes de Carrera,CIG1014_VC08,30
,,,,,,,,,,,,,,,,,,,,,,,
,,,,,,,,,,,,,,,,,,,,,,,
,,,,,,,,,,,,CIG1014,INGLÉS GENERAL III,5,ICG3573,Sección 9,CÁTEDRA INGLÉS 09,MA JU 13:00 - 14:20,NEGRETE NORMA ENRIQUETA,S-SANTIAGO,Vacantes de Carrera,CIG1014_VC09,30
,,,,,,,,,,,,,,,,,,,,,,,
,,,,,,,,,,,,,,,,,,,,,,,
,,,,,,,,,,,,,,,,,,,,,,,
,,,,,,,,,,,,CIT2006,ESTRUCTURAS DE DATOS Y ALGORITMOS,6,CIT2000,Sección 1,CÁTEDRA 01,LU JU 13:00 - 14:20,SUCHAN KAROL MARCIN,S-SANTIAGO,Vacantes de Carrera,CIT2006_CA02,35
,,,,,,,,,,,,CIT2006,ESTRUCTURAS DE DATOS Y ALGORITMOS,6,CIT2000,Sección 1,AYUDANTÍA OBLIGATORIA 01,MA 13:00 - 14:20,,S-SANTIAGO,Vacantes de Carrera,CIT2006_CA02,35
,,,,,,,,,,,,CIT2006,ESTRUCTURAS DE DATOS Y ALGORITMOS,6,CIT2000,Sección 1,LABORATORIO 01,VI 13:00 - 14:20,GUTIERREZ MARTIN EDUARDO,S-SANTIAGO,Vacantes de Carrera,CIT2006_CA02,35
,,,,,,,,,,,,,,,,,,,,,,,
,,,,,,,,,,,,,,,,,,,,,,,
,,,,,,,,,,,,CIT2006,ESTRUCTURAS DE DATOS Y ALGORITMOS,6,CIT2000,Sección 2,CÁTEDRA 02,MA VI 14:30 - 15:50,RODRIGUEZ MIGUEL ANTONIO,S-SANTIAGO,Vacantes de Carrera,CIT2006_VC03,35
,,,,,,,,,,,,CIT2006,ESTRUCTURAS DE DATOS Y ALGORITMOS,6,CIT2000,Sección 2,AYUDANTÍA OBLIGATORIA 02,MI 16:00 - 17:20,,S-SANTIAGO,Vacantes de Carrera,CIT2006_VC03,35
,,,,,,,,,,,,CIT2006,ESTRUCTURAS DE DATOS Y ALGORITMOS,6,CIT2000,Sección 2,LABORATORIO 02,MI 14:30 - 15:50,MUÑOZ CHRISTIAN IGNACIO,S-SANTIAGO,Vacantes de Carrera,CIT2006_VC03,35
,,,,,,,,,,,,,,,,,,,,,,,
,,,,,,,,,,,,,,,,,,,,,,,
,,,,,,,,,,,,CIT2006,ESTRUCTURAS DE DATOS Y ALGORITMOS,6,CIT2000,Sección 3,CÁTEDRA 03,MA VI 16:00 - 17:20,RODRIGUEZ MIGUEL ANTONIO,S-SANTIAGO,Vacantes de Carrera,CIT2006_CA01,35
,,,,,,,,,,,,CIT2006,ESTRUCTURAS DE DATOS Y ALGORITMOS,6,CIT2000,Sección 3,AYUDANTÍA OBLIGATORIA 03,MI 16:00 - 17:20,,S-SANTIAGO,Vacantes de Carrera,CIT2006_CA01,35
,,,,,,,,,,,,CIT2006,ESTRUCTURAS DE DATOS Y ALGORITMOS,6,CIT2000,Sección 3,LABORATORIO 03,JU 16:00 - 17:20,GUTIERREZ MARTIN EDUARDO,S-SANTIAGO,Vacantes de Carrera,CIT2006_CA01,35
,,,,,,,,,,,,,,,,,,,,,,,
,,,,,,,,,,,,,,,,,,,,,,,
,,,,,,,,,,,,,,,,,,,,,,,
,,,,,,,,,,,,CIT2107,ELECTRÓNICA Y ELECTROTECNIA,6,CIT2106,Sección 1,LABORATORIO 01,LU 16:00 - 17:20,TOBAR JORGE ANDRES,S-SANTIAGO,Vacantes de Carrera,CIT2107 VC01,24
,,,,,,,,,,,,CIT2107,ELECTRÓNICA Y ELECTROTECNIA,6,CIT2106,Sección 1,CÁTEDRA MADRE 01,MA VI 08:30 - 09:50,NEGRONI JUAN JOSE,S-SANTIAGO,Vacantes de Carrera,CIT2107 VC01,36
,,,,,,,,,,,,CIT2107,ELECTRÓNICA Y ELECTROTECNIA,6,CIT2106,Sección 1,AYUDANTÍA OBLIGATORIA 01,MI 08:30 - 09:50,,S-SANTIAGO,Vacantes de Carrera,CIT2107 VC01,36
,,,,,,,,,,,,,,,,,,,,,,,
,,,,,,,,,,,,,,,,,,,,,,,
,,,,,,,,,,,,CIT2107,ELECTRÓNICA Y ELECTROTECNIA,6,CIT2106,Sección 2,CÁTEDRA MADRE 01,MA VI 08:30 - 09:50,NEGRONI JUAN JOSE,S-SANTIAGO,Vacantes de Carrera,CIT2107 VC02,36
,,,,,,,,,,,,CIT2107,ELECTRÓNICA Y ELECTROTECNIA,6,CIT2106,Sección 2,AYUDANTÍA OBLIGATORIA 01,MI 08:30 - 09:50,,S-SANTIAGO,Vacantes de Carrera,CIT2107 VC02,36
,,,,,,,,,,,,CIT2107,ELECTRÓNICA Y ELECTROTECNIA,6,CIT2106,Sección 2,LABORATORIO 02,JU 11:30 - 12:50,TOBAR JORGE ANDRES,S-SANTIAGO,Vacantes de Carrera,CIT2107 VC02,12
,,,,,,,,,,,,,,,,,,,,,,,
,,,,,,,,,,,,,,,,,,,,,,,
,,,,,,,,,,,,CIT2107,ELECTRÓNICA Y ELECTROTECNIA,6,CIT2106,Sección 3,CÁTEDRA MADRE 02,MA VI 08:30 - 09:50,CARREÑO ERICK ROBERTO,S-SANTIAGO,Vacantes de Carrera,CIT2107 VC02,36
,,,,,,,,,,,,CIT2107,ELECTRÓNICA Y ELECTROTECNIA,6,CIT2106,Sección 3,LABORATORIO 03,MI 08:30 - 09:50,CARREÑO ERICK ROBERTO,S-SANTIAGO,Vacantes de Carrera,CIT2107 VC02,24
,,,,,,,,,,,,CIT2107,ELECTRÓNICA Y ELECTROTECNIA,6,CIT2106,Sección 3,AYUDANTÍA OBLIGATORIA 02,MI 13:00 - 14:20,,S-SANTIAGO,Vacantes de Carrera,CIT2107 VC02,36
,,,,,,,,,,,,,,,,,,,,,,,
,,,,,,,,,,,,,,,,,,,,,,,
,,,,,,,,,,,,CIT2107,ELECTRÓNICA Y ELECTROTECNIA,6,CIT2106,Sección 4,CÁTEDRA MADRE 02,MA VI 08:30 - 09:50,CARREÑO ERICK ROBERTO,S-SANTIAGO,Vacantes de Carrera,CIT2107_VC04,36
,,,,,,,,,,,,CIT2107,ELECTRÓNICA Y ELECTROTECNIA,6,CIT2106,Sección 4,LABORATORIO 04,VI 17:25 - 18:45,CARREÑO ERICK ROBERTO,S-SANTIAGO,Vacantes de Carrera,CIT2107_VC04,12
,,,,,,,,,,,,CIT2107,ELECTRÓNICA Y ELECTROTECNIA,6,CIT2106,Sección 4,AYUDANTÍA OBLIGATORIA 02,MI 13:00 - 14:20,,S-SANTIAGO,Vacantes de Carrera,CIT2107_VC04,36
,,,,,,,,,,,,,,,,,,,,,,,
,,,,,,,,,,,,,,,,,,,,,,,
,,,,,,,,,,,,,,,,,,,,,,,
,,,,,,,,,,,,CIT2007,BASES DE DATOS,6,CIT2002,Sección 1,CÁTEDRA 01,MA VI 13:00 - 14:20,,S-SANTIAGO,Vacantes de Carrera,CIT2007_CA01,40
,,,,,,,,,,,,CIT2007,BASES DE DATOS,6,CIT2002,Sección 1,AYUDANTÍA OBLIGATORIA 01,MI 16:00 - 17:20,,S-SANTIAGO,Vacantes de Carrera,CIT2007_CA01,40
,,,,,,,,,,,,,,,,,,,,,,,
,,,,,,,,,,,,,,,,,,,,,,,
,,,,,,,,,,,,CIT2007,BASES DE DATOS,6,CIT2002,Sección 2,CÁTEDRA 02,MA VI 16:00 - 17:20,GUTIERREZ MARTIN EDUARDO,S-SANTIAGO,Vacantes de Carrera,CIT2007_CA02,40
,,,,,,,,,,,,CIT2007,BASES DE DATOS,6,CIT2002,Sección 2,AYUDANTÍA OBLIGATORIA 02,MI 16:00 - 17:20,,S-SANTIAGO,Vacantes de Carrera,CIT2007_CA02,40
,,,,,,,,,,,,,,,,,,,,,,,
,,,,,,,,,,,,,,,,,,,,,,,
,,,,,,,,,,,,,,,,,,,,,,,
,,,,,,,,,,,,CIT2008,DESARROLLO WEB Y MÓVIL,6,CBM2000,Sección 1,CÁTEDRA 01,LU JU 14:30 - 15:50,BELLINO ALESSIO,S-SANTIAGO,Vacantes de Carrera,CIT2008_CA01,50
,,,,,,,,,,,,CIT2008,DESARROLLO WEB Y MÓVIL,6,CBM2000,Sección 1,AYUDANTÍA OBLIGATORIA 01,MA 17:25 - 18:45,,S-SANTIAGO,Vacantes de Carrera,CIT2008_CA01,50
,,,,,,,,,,,,,,,,,,,,,,,
,,,,,,,,,,,,,,,,,,,,,,,
,,,,,,,,,,,,CIT2008,DESARROLLO WEB Y MÓVIL,6,CBM2000,Sección 2,AYUDANTÍA OBLIGATORIA 02,MA 17:25 - 18:45,,S-SANTIAGO,Vacantes de Carrera,CIT2008_CA02,50
,,,,,,,,,,,,CIT2008,DESARROLLO WEB Y MÓVIL,6,CBM2000,Sección 2,CÁTEDRA 02,LU JU 14:30 - 15:50,FREZ JONATHAN,S-SANTIAGO,Vacantes de Carrera,CIT2008_CA02,50
,,,,,,,,,,,,,,,,,,,,,,,
,,,,,,,,,,,,,,,,,,,,,,,
,,,,,,,,,,,,,,,,,,,,,,,
,,,,,,,,,,,,CIT4000,PRÁCTICA I,7,,Sección 1,CÁTEDRA 01,MI 17:25 - 18:45,,S-SANTIAGO,Vacantes de Carrera,CIT4000_CA01,1
,,,,,,,,,,,,,,,,,,,,,,,
,,,,,,,,,,,,,,,,,,,,,,,
,,,,,,,,,,,,,,,,,,,,,,,
,,,,,,,,,,,,CIT2108,TALLER DE REDES Y SERVICIOS,6,"CIT2202, CIT3425",Sección 1,CÁTEDRA 01,MA VI 11:30 - 12:50,BOETTCHER NICOLAS ALEJANDRO,S-SANTIAGO,Vacantes de Carrera,CIT2108_CA01,40
,,,,,,,,,,,,CIT2108,TALLER DE REDES Y SERVICIOS,6,"CIT2202, CIT3425",Sección 1,AYUDANTÍA OBLIGATORIA 01,MI 14:30 - 15:50,,S-SANTIAGO,Vacantes de Carrera,CIT2108_CA01,40
,,,,,,,,,,,,,,,,,,,,,,,
,,,,,,,,,,,,,,,,,,,,,,,
,,,,,,,,,,,,CIT2108,TALLER DE REDES Y SERVICIOS,6,"CIT2202, CIT3425",Sección 2,AYUDANTÍA OBLIGATORIA,JU 10:00 - 11:20,,S-SANTIAGO,Vacantes de Carrera,CIT2108_CA02,40
,,,,,,,,,,,,CIT2108,TALLER DE REDES Y SERVICIOS,6,"CIT2202, CIT3425",Sección 2,CÁTEDRA 02,MA VI 11:30 - 12:50,ALBA MANUEL,S-SANTIAGO,Vacantes de Carrera,CIT2108_CA02,40
,,,,,,,,,,,,,,,,,,,,,,,
,,,,,,,,,,,,,,,,,,,,,,,
,,,,,,,,,,,,,,,,,,,,,,,
,,,,,,,,,,,,CIT2205,PROYECTO EN TICS I,6,CIT2200,Sección 1,CÁTEDRA 01,MA VI 14:30 - 15:50,ELLIOTT JORGE ERNESTO,S-SANTIAGO,Vacantes de Carrera,CIT2205_CA01,25
,,,,,,,,,,,,CIT2205,PROYECTO EN TICS I,6,CIT2200,Sección 1,AYUDANTÍA OBLIGATORIA 01,LU 10:00 - 11:20,,S-SANTIAGO,Vacantes de Carrera,CIT2205_CA01,25
,,,,,,,,,,,,,,,,,,,,,,,
,,,,,,,,,,,,,,,,,,,,,,,
,,,,,,,,,,,,CIT2205,PROYECTO EN TICS I,6,CIT2200,Sección 2,CÁTEDRA 02,LU JU 08:30 - 09:50,SCHKOLNIK DEMIAN ALEY,S-SANTIAGO,Vacantes de Carrera,CIT2205_CA02,25
,,,,,,,,,,,,CIT2205,PROYECTO EN TICS I,6,CIT2200,Sección 2,AYUDANTÍA OBLIGATORIA 02,VI 14:30 - 15:50,,S-SANTIAGO,Vacantes de Carrera,CIT2205_CA02,25
,,,,,,,,,,,,,,,,,,,,,,,
,,,,,,,,,,,,,,,,,,,,,,,
,,,,,,,,,,,,,,,,,,,,,,,
,,,,,,,,,,,,CIT2009,BASES DE DATOS AVANZADAS,6,CIT3317,Sección 1,CÁTEDRA 01,MA VI 16:00 - 17:20,GIADACH JUAN RICARDO,S-SANTIAGO,Vacantes de Carrera,CIT2009_CA01,45
,,,,,,,,,,,,CIT2009,BASES DE DATOS AVANZADAS,6,CIT3317,Sección 1,AYUDANTÍA OBLIGATORIA 01,MI 16:00 - 17:20,,S-SANTIAGO,Vacantes de Carrera,CIT2009_CA01,45
,,,,,,,,,,,,,,,,,,,,,,,
,,,,,,,,,,,,,,,,,,,,,,,
,,,,,,,,,,,,CIT2009,BASES DE DATOS AVANZADAS,6,CIT3317,Sección 2,CÁTEDRA 02,MA VI 13:00 - 14:20,GIADACH JUAN RICARDO,S-SANTIAGO,Vacantes de Carrera,CIT2009_CA02,45
,,,,,,,,,,,,CIT2009,BASES DE DATOS AVANZADAS,6,CIT3317,Sección 2,AYUDANTÍA OBLIGATORIA 02,MI 16:00 - 17:20,,S-SANTIAGO,Vacantes de Carrera,CIT2009_CA02,45
,,,,,,,,,,,,,,,,,,,,,,,
,,,,,,,,,,,,,,,,,,,,,,,
,,,,,,,,,,,,,,,,,,,,,,,
,,,,,,,,,,,,CIT2109,ARQUITECTURA Y ORGANIZ DE COMPUTADORES,6,CIT2103,Sección 1,CÁTEDRA MADRE,MA VI 08:30 - 09:50,SANCHEZ PABLO RAUL,S-SANTIAGO,Vacantes de Carrera,CIT2109_VC01,40
,,,,,,,,,,,,CIT2109,ARQUITECTURA Y ORGANIZ DE COMPUTADORES,6,CIT2103,Sección 1,LABORATORIO 01,MI 17:25 - 18:45,TOBAR JORGE ANDRES,S-SANTIAGO,Vacantes de Carrera,CIT2109_VC01,20
,,,,,,,,,,,,CIT2109,ARQUITECTURA Y ORGANIZ DE COMPUTADORES,6,CIT2103,Sección 1,AYUDANTÍA OBLIGATORIA MADRE,LU 17:25 - 18:45,,S-SANTIAGO,Vacantes de Carrera,CIT2109_VC01,40
,,,,,,,,,,,,,,,,,,,,,,,
,,,,,,,,,,,,,,,,,,,,,,,
,,,,,,,,,,,,CIT2109,ARQUITECTURA Y ORGANIZ DE COMPUTADORES,6,CIT2103,Sección 2,CÁTEDRA MADRE,MA VI 08:30 - 09:50,SANCHEZ PABLO RAUL,S-SANTIAGO,Vacantes de Carrera,CIT2109_VC02,40
,,,,,,,,,,,,CIT2109,ARQUITECTURA Y ORGANIZ DE COMPUTADORES,6,CIT2103,Sección 2,LABORATORIO 2,JU 16:00 - 17:20,TOBAR JORGE ANDRES,S-SANTIAGO,Vacantes de Carrera,CIT2109_VC02,20
,,,,,,,,,,,,CIT2109,ARQUITECTURA Y ORGANIZ DE COMPUTADORES,6,CIT2103,Sección 2,AYUDANTÍA OBLIGATORIA MADRE,LU 17:25 - 18:45,,S-SANTIAGO,Vacantes de Carrera,CIT2109_VC02,40
,,,,,,,,,,,,,,,,,,,,,,,
,,,,,,,,,,,,,,,,,,,,,,,
,,,,,,,,,,,,,,,,,,,,,,,
,,,,,,,,,,,,CIT2110,SEÑALES Y SISTEMAS,6,CIT2101,Sección 1,CÁTEDRA MADRE 01,LU JU 11:30 - 12:50,DUJOVNE DIEGO ROBERTO,S-SANTIAGO,Vacantes de Carrera,CIT2110_VC01,51
,,,,,,,,,,,,CIT2110,SEÑALES Y SISTEMAS,6,CIT2101,Sección 1,AYUDANTÍA OBLIGATORIA 01,JU 17:25 - 18:45,,S-SANTIAGO,Vacantes de Carrera,CIT2110_VC01,51
,,,,,,,,,,,,CIT2110,SEÑALES Y SISTEMAS,6,CIT2101,Sección 1,LABORATORIO 01,MI 13:00 - 14:20,,S-SANTIAGO,Vacantes de Carrera,CIT2110_VC01,17
,,,,,,,,,,,,,,,,,,,,,,,
,,,,,,,,,,,,,,,,,,,,,,,
,,,,,,,,,,,,CIT2110,SEÑALES Y SISTEMAS,6,CIT2101,Sección 2,CÁTEDRA MADRE 01,LU JU 11:30 - 12:50,DUJOVNE DIEGO ROBERTO,S-SANTIAGO,Vacantes de Carrera,CIT2110_VC02,51
,,,,,,,,,,,,CIT2110,SEÑALES Y SISTEMAS,6,CIT2101,Sección 2,AYUDANTÍA OBLIGATORIA 01,JU 17:25 - 18:45,,S-SANTIAGO,Vacantes de Carrera,CIT2110_VC02,51
,,,,,,,,,,,,CIT2110,SEÑALES Y SISTEMAS,6,CIT2101,Sección 2,LABORATORIO 02,MA 10:00 - 11:20,,S-SANTIAGO,Vacantes de Carrera,CIT2110_VC02,17
,,,,,,,,,,,,,,,,,,,,,,,
,,,,,,,,,,,,,,,,,,,,,,,
,,,,,,,,,,,,CIT2110,SEÑALES Y SISTEMAS,6,CIT2101,Sección 3,LABORATORIO 03,VI 10:00 - 11:20,,S-SANTIAGO,Vacantes de Carrera,CIT2110_VC03,17
,,,,,,,,,,,,CIT2110,SEÑALES Y SISTEMAS,6,CIT2101,Sección 3,AYUDANTÍA OBLIGATORIA 01,JU 17:25 - 18:45,,S-SANTIAGO,Vacantes de Carrera,CIT2110_VC03,51
,,,,,,,,,,,,CIT2110,SEÑALES Y SISTEMAS,6,CIT2101,Sección 3,CÁTEDRA MADRE 01,LU JU 11:30 - 12:50,DUJOVNE DIEGO ROBERTO,S-SANTIAGO,Vacantes de Carrera,CIT2110_VC03,51
,,,,,,,,,,,,,,,,,,,,,,,
,,,,,,,,,,,,,,,,,,,,,,,
,,,,,,,,,,,,,,,,,,,,,,,
,,,,,,,,,,,,CIT2010,SISTEMAS OPERATIVOS,6,CIT2003,Sección 1,CÁTEDRA 01,LU JU 13:00 - 14:20,GUTIERREZ MARTIN EDUARDO,S-SANTIAGO,Vacantes de Carrera,CIT2010_CA01,45
,,,,,,,,,,,,CIT2010,SISTEMAS OPERATIVOS,6,CIT2003,Sección 1,AYUDANTÍA OBLIGATORIA 01,MA 17:25 - 18:45,,S-SANTIAGO,Vacantes de Carrera,CIT2010_CA01,45
,,,,,,,,,,,,,,,,,,,,,,,
,,,,,,,,,,,,,,,,,,,,,,,
,,,,,,,,,,,,,,,,,,,,,,,
,,,,,,,,,,,,CIT2206,GESTIÓN ORGANIZACIONAL,6,CIT2203,Sección 1,CÁTEDRA 01,MA VI 11:30 - 12:50,GEOFFROY XIMENA MARIA,S-SANTIAGO,Vacantes de Carrera,CIT2203_CA01,40
,,,,,,,,,,,,CIT2206,GESTIÓN ORGANIZACIONAL,6,CIT2203,Sección 1,AYUDANTÍA OBLIGATORIA 01,JU 10:00 - 11:20,,S-SANTIAGO,Vacantes de Carrera,CIT2203_CA01,40
,,,,,,,,,,,,,,,,,,,,,,,
,,,,,,,,,,,,,,,,,,,,,,,
,,,,,,,,,,,,,,,,,,,,,,,
,,,,,,,,,,,,CIT2011,SISTEMAS DISTRIBUIDOS,6,CIT3342,Sección 1,CÁTEDRA 01,LU JU 13:00 - 14:20,HIDALGO NICOLAS ANDRES,S-SANTIAGO,Vacantes de Carrera,CIT2011_CA01,40
,,,,,,,,,,,,CIT2011,SISTEMAS DISTRIBUIDOS,6,CIT3342,Sección 1,AYUDANTÍA OBLIGATORIA 01,MA 14:30 - 15:50,,S-SANTIAGO,Vacantes de Carrera,CIT2011_CA01,40
,,,,,,,,,,,,,,,,,,,,,,,
,,,,,,,,,,,,,,,,,,,,,,,
,,,,,,,,,,,,,,,,,,,,,,,
,,,,,,,,,,,,CIT2111,COMUNICACIONES DIGITALES,6,CIT2102,Sección 1,LABORATORIO 01,MI 14:30 - 15:50,MUÑOZ RODRIGO EUGENIO,S-SANTIAGO,Vacantes de Carrera,CIT2111_CA01,20
,,,,,,,,,,,,CIT2111,COMUNICACIONES DIGITALES,6,CIT2102,Sección 1,CÁTEDRA MADRE,LU JU 14:30 - 15:50,DUJOVNE DIEGO ROBERTO,S-SANTIAGO,Vacantes de Carrera,CIT2111_CA01,40
,,,,,,,,,,,,CIT2111,COMUNICACIONES DIGITALES,6,CIT2102,Sección 1,AYUDANTÍA OBLIGATORIA MADRE,LU 10:00 - 11:20,,S-SANTIAGO,Vacantes de Carrera,CIT2111_CA01,40
,,,,,,,,,,,,,,,,,,,,,,,
,,,,,,,,,,,,,,,,,,,,,,,
,,,,,,,,,,,,CIT2111,COMUNICACIONES DIGITALES,6,CIT2102,Sección 2,CÁTEDRA MADRE,LU JU 14:30 - 15:50,DUJOVNE DIEGO ROBERTO,S-SANTIAGO,Vacantes de Carrera,CIT2111_VC02,40
,,,,,,,,,,,,CIT2111,COMUNICACIONES DIGITALES,6,CIT2102,Sección 2,LABORATORIO 02,VI 14:30 - 15:50,MUÑOZ RODRIGO EUGENIO,S-SANTIAGO,Vacantes de Carrera,CIT2111_VC02,20
,,,,,,,,,,,,CIT2111,COMUNICACIONES DIGITALES,6,CIT2102,Sección 2,AYUDANTÍA OBLIGATORIA MADRE,LU 10:00 - 11:20,,S-SANTIAGO,Vacantes de Carrera,CIT2111_VC02,40
,,,,,,,,,,,,,,,,,,,,,,,
,,,,,,,,,,,,,,,,,,,,,,,
,,,,,,,,,,,,,,,,,,,,,,,
,,,,,,,,,,,,CIT2012,INGENIERÍA DE SOFTWARE,6,CIT2005,Sección 1,CÁTEDRA 01,MA VI 16:00 - 17:20,NIETO ANDREA VICTORIA,S-SANTIAGO,Vacantes de Carrera,CIT2012_CA01,35
,,,,,,,,,,,,CIT2012,INGENIERÍA DE SOFTWARE,6,CIT2005,Sección 1,AYUDANTÍA OBLIGATORIA 01,MI 16:00 - 17:20,,S-SANTIAGO,Vacantes de Carrera,CIT2012_CA01,35
,,,,,,,,,,,,,,,,,,,,,,,
,,,,,,,,,,,,,,,,,,,,,,,
,,,,,,,,,,,,CIT2012,INGENIERÍA DE SOFTWARE,6,CIT2005,Sección 2,CÁTEDRA 02,MA VI 13:00 - 14:20,LOPEZ FELIPE IGNACIO,S-SANTIAGO,Vacantes de Carrera,CIT2012_CA02,35
,,,,,,,,,,,,CIT2012,INGENIERÍA DE SOFTWARE,6,CIT2005,Sección 2,AYUDANTÍA OBLIGATORIA 02,MI 08:30 - 09:50,,S-SANTIAGO,Vacantes de Carrera,CIT2012_CA02,35
,,,,,,,,,,,,,,,,,,,,,,,
,,,,,,,,,,,,,,,,,,,,,,,
,,,,,,,,,,,,,,,,,,,,,,,
,,,,,,,,,,,,CII2100,INTRODUCCIÓN  A LA ECONOMÍA,6,CII2000,Sección 1,CÁTEDRA 01,MA VI 10:00 - 11:20,CALCAGNO JAIME ALBERTO,S-SANTIAGO,Vacantes de Carrera,CII2100_VC01,45
,,,,,,,,,,,,CII2100,INTRODUCCIÓN  A LA ECONOMÍA,6,CII2000,Sección 1,AYUDANTÍA OPCIONAL 01,MI 08:30 - 09:50,,S-SANTIAGO,Vacantes de Carrera,CII2100_VC01,45
,,,,,,,,,,,,,,,,,,,,,,,
,,,,,,,,,,,,CII2100,INTRODUCCIÓN  A LA ECONOMÍA,6,CII2000,Sección 1,CÁTEDRA 01,MA VI 10:00 - 11:20,CALCAGNO JAIME ALBERTO,S-SANTIAGO,Vacantes FG,CII2100_FG01,45
,,,,,,,,,,,,CII2100,INTRODUCCIÓN  A LA ECONOMÍA,6,CII2000,Sección 1,AYUDANTÍA OPCIONAL 01,MI 08:30 - 09:50,,S-SANTIAGO,Vacantes FG,CII2100_FG01,45
,,,,,,,,,,,,,,,,,,,,,,,
,,,,,,,,,,,,,,,,,,,,,,,
,,,,,,,,,,,,CII2100,INTRODUCCIÓN  A LA ECONOMÍA,6,CII2000,Sección 2,CÁTEDRA 02,LU JU 11:30 - 12:50,CALCAGNO JAIME ALBERTO,S-SANTIAGO,Vacantes de Carrera,CII2100_VC02,45
,,,,,,,,,,,,CII2100,INTRODUCCIÓN  A LA ECONOMÍA,6,CII2000,Sección 2,AYUDANTÍA OPCIONAL 02,MI 17:25 - 18:45,,S-SANTIAGO,Vacantes de Carrera,CII2100_VC02,45
,,,,,,,,,,,,,,,,,,,,,,,
,,,,,,,,,,,,CII2100,INTRODUCCIÓN  A LA ECONOMÍA,6,CII2000,Sección 2,CÁTEDRA 02,LU JU 11:30 - 12:50,CALCAGNO JAIME ALBERTO,S-SANTIAGO,Vacantes FG,CII2100_FG02,45
,,,,,,,,,,,,CII2100,INTRODUCCIÓN  A LA ECONOMÍA,6,CII2000,Sección 2,AYUDANTÍA OPCIONAL 02,MI 17:25 - 18:45,,S-SANTIAGO,Vacantes FG,CII2100_FG02,45
,,,,,,,,,,,,,,,,,,,,,,,
,,,,,,,,,,,,,,,,,,,,,,,
,,,,,,,,,,,,CII2100,INTRODUCCIÓN  A LA ECONOMÍA,6,CII2000,Sección 3,AYUDANTÍA OPCIONAL 03,MI 08:30 - 09:50,,S-SANTIAGO,Vacantes de Carrera,CII2100_VC03,45
,,,,,,,,,,,,CII2100,INTRODUCCIÓN  A LA ECONOMÍA,6,CII2000,Sección 3,CÁTEDRA 03,MA VI 11:30 - 12:50,MARKUSOVIC DENIS LENKA,S-SANTIAGO,Vacantes de Carrera,CII2100_VC03,45
,,,,,,,,,,,,,,,,,,,,,,,
,,,,,,,,,,,,CII2100,INTRODUCCIÓN  A LA ECONOMÍA,6,CII2000,Sección 3,CÁTEDRA 03,MA VI 11:30 - 12:50,MARKUSOVIC DENIS LENKA,S-SANTIAGO,Vacantes FG,CII2100_FG03,45
,,,,,,,,,,,,CII2100,INTRODUCCIÓN  A LA ECONOMÍA,6,CII2000,Sección 3,AYUDANTÍA OPCIONAL 03,MI 08:30 - 09:50,,S-SANTIAGO,Vacantes FG,CII2100_FG03,45
,,,,,,,,,,,,,,,,,,,,,,,
,,,,,,,,,,,,,,,,,,,,,,,
,,,,,,,,,,,,CII2100,INTRODUCCIÓN  A LA ECONOMÍA,6,CII2000,Sección 4,CÁTEDRA 04,MA VI 11:30 - 12:50,CALCAGNO JAIME ALBERTO,S-SANTIAGO,Vacantes de Carrera,CII2100_VC04,45
,,,,,,,,,,,,CII2100,INTRODUCCIÓN  A LA ECONOMÍA,6,CII2000,Sección 4,AYUDANTÍA OPCIONAL 04,MI 14:30 - 15:50,,S-SANTIAGO,Vacantes de Carrera,CII2100_VC04,45
,,,,,,,,,,,,,,,,,,,,,,,
,,,,,,,,,,,,CII2100,INTRODUCCIÓN  A LA ECONOMÍA,6,CII2000,Sección 4,CÁTEDRA 04,MA VI 11:30 - 12:50,CALCAGNO JAIME ALBERTO,S-SANTIAGO,Vacantes FG,CII2100_FG04,45
,,,,,,,,,,,,CII2100,INTRODUCCIÓN  A LA ECONOMÍA,6,CII2000,Sección 4,AYUDANTÍA OPCIONAL 04,MI 14:30 - 15:50,,S-SANTIAGO,Vacantes FG,CII2100_FG04,45
,,,,,,,,,,,,,,,,,,,,,,,
,,,,,,,,,,,,,,,,,,,,,,,
,,,,,,,,,,,,,,,,,,,,,,,
,,,,,,,,,,,,CIT2113,CRIPTOGRAFÍA Y SEGURIDAD EN REDES,6,CIT2105,Sección 1,CÁTEDRA MADRE,MA VI 10:00 - 11:20,BOETTCHER NICOLAS ALEJANDRO,S-SANTIAGO,Vacantes de Carrera,CIT2113_CA01,40
,,,,,,,,,,,,CIT2113,CRIPTOGRAFÍA Y SEGURIDAD EN REDES,6,CIT2105,Sección 1,LABORATORIO 01,MA 08:30 - 09:50,,S-SANTIAGO,Vacantes de Carrera,CIT2113_CA01,20
,,,,,,,,,,,,CIT2113,CRIPTOGRAFÍA Y SEGURIDAD EN REDES,6,CIT2105,Sección 1,AYUDANTÍA OBLIGATORIA MADRE,MI 13:00 - 14:20,,S-SANTIAGO,Vacantes de Carrera,CIT2113_CA01,40
,,,,,,,,,,,,,,,,,,,,,,,
,,,,,,,,,,,,,,,,,,,,,,,
,,,,,,,,,,,,CIT2113,CRIPTOGRAFÍA Y SEGURIDAD EN REDES,6,CIT2105,Sección 2,CÁTEDRA MADRE,MA VI 10:00 - 11:20,BOETTCHER NICOLAS ALEJANDRO,S-SANTIAGO,Vacantes de Carrera,CIT2113_VC02,40
,,,,,,,,,,,,CIT2113,CRIPTOGRAFÍA Y SEGURIDAD EN REDES,6,CIT2105,Sección 2,AYUDANTÍA OBLIGATORIA MADRE,MI 13:00 - 14:20,,S-SANTIAGO,Vacantes de Carrera,CIT2113_VC02,40
,,,,,,,,,,,,CIT2113,CRIPTOGRAFÍA Y SEGURIDAD EN REDES,6,CIT2105,Sección 2,LABORATORIO 02,JU 17:25 - 18:45,,S-SANTIAGO,Vacantes de Carrera,CIT2113_VC02,20
,,,,,,,,,,,,,,,,,,,,,,,
,,,,,,,,,,,,,,,,,,,,,,,
,,,,,,,,,,,,,,,,,,,,,,,
,,,,,,,,,,,,CIT2207,EVALUACIÓN DE PROYECTOS TIC,6,CIT3200,Sección 1,CÁTEDRA 01,MA VI 11:30 - 12:50,ELLIOTT JORGE ERNESTO,S-SANTIAGO,Vacantes de Carrera,CIT2207_CA01,40
,,,,,,,,,,,,CIT2207,EVALUACIÓN DE PROYECTOS TIC,6,CIT3200,Sección 1,AYUDANTÍA OBLIGATORIA,MI 10:00 - 11:20,,S-SANTIAGO,Vacantes de Carrera,CIT2207_CA01,40
,,,,,,,,,,,,,,,,,,,,,,,
,,,,,,,,,,,,,,,,,,,,,,,
,,,,,,,,,,,,,,,,,,,,,,,
,,,,,,,,,,,,CIT3000,ARQUITECTURA DE SOFTWARE,6,CIT2004,Sección 1,CÁTEDRA 01,MA VI 17:25 - 18:45,GIADACH JUAN RICARDO,S-SANTIAGO,Vacantes de Carrera,CIT3000_CA01,40
,,,,,,,,,,,,CIT3000,ARQUITECTURA DE SOFTWARE,6,CIT2004,Sección 1,AYUDANTÍA OBLIGATORIA 01,JU 10:00 - 11:20,,S-SANTIAGO,Vacantes de Carrera,CIT3000_CA01,40
,,,,,,,,,,,,,,,,,,,,,,,
,,,,,,,,,,,,,,,,,,,,,,,
,,,,,,,,,,,,,,,,,,,,,,,
,,,,,,,,,,,,CIT2114,REDES DE DATOS,6,CIT2100,Sección 1,CÁTEDRA MADRE 01,LU JU 10:00 - 11:20,MUÑOZ RODRIGO EUGENIO,S-SANTIAGO,Vacantes de Carrera,CIT2114_VC01,21
,,,,,,,,,,,,CIT2114,REDES DE DATOS,6,CIT2100,Sección 1,AYUDANTÍA OBLIGATORIA 01,LU 11:30 - 12:50,,S-SANTIAGO,Vacantes de Carrera,CIT2114_VC01,21
,,,,,,,,,,,,CIT2114,REDES DE DATOS,6,CIT2100,Sección 1,LABORATORIO 01,MI 10:00 - 11:20,GARCIA CARLOS ENRIQUE ANTONIO,S-SANTIAGO,Vacantes de Carrera,CIT2114_VC01,21
,,,,,,,,,,,,,,,,,,,,,,,
,,,,,,,,,,,,,,,,,,,,,,,
,,,,,,,,,,,,CIT2114,REDES DE DATOS,6,CIT2100,Sección 2,CÁTEDRA MADRE 02,LU JU 17:25 - 18:45,HIDALGO NICOLAS ANDRES,S-SANTIAGO,Vacantes de Carrera,CIT2114_VC02,21
,,,,,,,,,,,,CIT2114,REDES DE DATOS,6,CIT2100,Sección 2,AYUDANTÍA OBLIGATORIA 02,LU 11:30 - 12:50,,S-SANTIAGO,Vacantes de Carrera,CIT2114_VC02,21
,,,,,,,,,,,,CIT2114,REDES DE DATOS,6,CIT2100,Sección 2,LABORATORIO 02,LU 10:00 - 11:20,GARCIA CARLOS ENRIQUE ANTONIO,S-SANTIAGO,Vacantes de Carrera,CIT2114_VC02,21
,,,,,,,,,,,,,,,,,,,,,,,
,,,,,,,,,,,,,,,,,,,,,,,
,,,,,,,,,,,,,,,,,,,,,,,
,,,,,,,,,,,,CIT3347,DIS Y DESARROLLO DE SIST INTERACTIVOS,6,,Sección 1,CÁTEDRA 01,MA VI 14:30 - 15:50,BELLINO ALESSIO,S-SANTIAGO,Vacantes de Carrera,CIT3347_CA01,20
,,,,,,,,,,,,,,,,,,,,,,,
,,,,,,,,,,,,,,,,,,,,,,,
,,,,,,,,,,,,,,,,,,,,,,,
,,,,,,,,,,,,CIT3349,GRAFOS Y ALGORITMOS,6,,Sección 1,CÁTEDRA 01,MA VI 13:00 - 14:20,SUCHAN KAROL MARCIN,S-SANTIAGO,Vacantes de Carrera,CIT3349_CA01,20
,,,,,,,,,,,,,,,,,,,,,,,
,,,,,,,,,,,,,,,,,,,,,,,
,,,,,,,,,,,,,,,,,,,,,,,
,,,,,,,,,,,,CIT3433,INTEROPERABILIDAD Y SIST DE TELEC,6,,Sección 1,CÁTEDRA 01,LU JU 11:30 - 12:50,AHUMADA LUCIANO SEBASTIAN,S-SANTIAGO,Vacantes de Carrera,CIT3433_CA01,20
,,,,,,,,,,,,,,,,,,,,,,,
,,,,,,,,,,,,,,,,,,,,,,,
,,,,,,,,,,,,,,,,,,,,,,,
,,,,,,,,,,,,CIT3432,COMUNICACIONES SATELITALES,6,,Sección 1,CÁTEDRA 01,MA VI 08:30 - 09:50,MUÑOZ RODRIGO EUGENIO,S-SANTIAGO,Vacantes de Carrera,CIT3432_CA01,20
,,,,,,,,,,,,,,,,,,,,,,,
,,,,,,,,,,,,,,,,,,,,,,,
,,,,,,,,,,,,,,,,,,,,,,,
,,,,,,,,,,,,,,,,,,,,,,,19675
